:020000040800F2
:10000000C059002039020008A1060008990600081E
:100010009D06000831050008DD080008000000000A
:10002000000000000000000000000000D1070008F0
:10003000950600080000000081070008F507000889
:10004000530200085302000853020008530200083C
:10005000530200085302000853020008530200082C
:1000600053020008530200085302000891060008DA
:10007000530200085302000853020008530200080C
:1000800053020008530200085302000853020008FC
:1000900035050008BD0500084506000853020008A4
:1000A00053020008530200085302000853020008DC
:1000B00053020008D5080008530200085302000844
:1000C00053020008530200085302000853020008BC
:1000D00053020008D9080008530200085302000820
:1000E00053020008530200085302000800000000F9
:1000F0000000000000000000000000000000000000
:100100000000000053020008530200080000000035
:100110005302000853020008000000000000000025
:10012000530200085302000853020008530200085B
:1001300000000000000000000000000000000000BF
:100140000000000000000000000000005302000852
:1001500000000000000000005302000853020008E5
:100160000000000000000000000000005302000832
:1001700000F002F800F050F814A696E8000CB24423
:10018000B344DA4501D100F047F8BAE80F000FA6F2
:1001900096E83000A5EB040504EB0607AAEB07047C
:1001A000A7F101074FEA15154FEA3414A4F1010431
:1001B000AC4201D300F030F813F0010F18BFFB1A66
:1001C00043F0010300F001F8DBE71847C49000009A
:1001D000E4900000103A24BF78C878C1FAD85207DA
:1001E00024BF30C830C144BF04680C6070470000B1
:1001F000704700000023002400250026103A28BF85
:1002000078C1FBD8520728BF30C148BF0B60704788
:100210001FB51FBD10B510BD00F04FF91146FFF717
:10022000F7FF03F05FFF00F06DF903B4FFF7F2FF93
:1002300003BC00F075F900000948804709480047F1
:10024000FEE7FEE7FEE7FEE7FEE7FEE7FEE7FEE786
:10025000FEE7FEE704480549054A064B70470000E3
:100260000108000871010008C0530020C059002097
:10027000C0550020C055002053EA020C00F06980F0
:100280002DE9F04B4FF00006002B1FBFB3FA83F5AA
:1002900003FA05F424FA05F65E4012BF1643B2FADB
:1002A00082F502FA05F4C5F120051EBF22FA05FC0D
:1002B00044EA0C04203556EA044C4FEA144418BFB3
:1002C000641C4FF000084FF00009904271EB030CE2
:1002D00039D3002919BFB1FA81F701FA07F6B0FA4C
:1002E00080F700FA07F6C7F120071EBF20FA07FCC7
:1002F00046EA0C062037B6FBF4FCA7EB0507103FD7
:1003000007F01F0BCBF120062CFA06F60CFA0BFBBC
:1003100044BFB3460026202FA4BF5E464FF0000B1B
:100320005BEA060C08BF4FF0010B19EB0B0948EB19
:100330000608ABFB027C06FB02CC0BFB03CCC01B0C
:1003400071EB0C01C1E70B46024641464846BDE849
:10035000F08B13B5084318BF4FF0FF300146AFF3E1
:100360000080BDE81C407047032A40F2308010F046
:10037000030C00F0158011F8013BBCF1020F624440
:1003800098BF11F801CB00F8013B38BF11F8013BD1
:10039000A2F1040298BF00F801CB38BF00F8013B7E
:1003A00011F0030300F05780083AC0F0088051F8BC
:1003B000043B083A51F804CBA0E80810F5E7121DF9
:1003C0005CBF51F8043B40F8043BAFF30080D20718
:1003D00024BF11F8013B11F801CB48BF11F8012BE4
:1003E00024BF00F8013B00F801CB48BF00F8012B07
:1003F000704702F0FF0343EA032242EA024200F0A0
:1004000002B84FF0000200B51346944696462039D4
:1004100022BFA0E80C50A0E80C50B1F12001BFF4BD
:10042000F7AF090728BFA0E80C5048BF0CC05DF823
:1004300004EB890028BF40F8042B08BF704748BF71
:1004400020F8022B11F0804F18BF00F8012B7047E5
:1004500070477047704710B5203AC0F00B80B1E884
:100460001850A0E81850B1E81850A0E81850203AE9
:10047000BFF4F5AF5FEA027C24BFB1E81850A0E8F2
:10048000185044BF18C918C0BDE810405FEA827C0C
:1004900024BF51F8043B40F8043B08BF7047D20723
:1004A00028BF31F8023B48BF11F8012B28BF20F8C4
:1004B000023B48BF00F8012B7047754600F02CF84E
:1004C000AE4605006946534620F00700854618B041
:1004D00020B5FFF7BFFEBDE820404FF000064FF00B
:1004E00000074FF000084FF0000BAC46ACE8C00925
:1004F000ACE8C009ACE8C009ACE8C00921F00701CC
:100500008D46704710B50446AFF300802046BDE825
:100510001040FFF78ABE00000048704748000020E6
:1005200001491820ABBEFEE726000200704700001C
:10053000FFE7FEE780B586B00020059046F2004058
:10054000C4F20000092101F099F928B3FFE7002067
:100550000490039002900190009040F2A020C2F21B
:1005600000000068B8B1FFE749F20C10C0F60000C7
:100570004068426800206946904701280BD1FFE798
:1005800040F2A020C2F200000068694605AA0023DC
:1005900006F024FFFFE7FFE7059860B1FFE74EF69E
:1005A0000451CEF200014FF080500860BFF34F8F2E
:1005B000BFF36F8FFFE706B080BD000080B586B047
:1005C0000020059046F20040C4F200000C2101F02A
:1005D00055F928B3FFE700200490039002900190A2
:1005E000009040F2A020C2F200000068B8B1FFE71E
:1005F00049F20C10C0F600004068426801206946CC
:10060000904701280BD1FFE740F2A020C2F2000082
:100610000068694605AA002306F0E0FEFFE7FFE751
:10062000059860B1FFE74EF60451CEF200014FF09D
:1006300080500860BFF34F8FBFF36F8FFFE706B0A6
:1006400080BD000080B582B00020019046F20040DD
:10065000C4F20000042101F011F9B8B1FFE746F23D
:100660001840C4F20000006800F07000019040F2F1
:10067000D001C2F20001886A0130886246F200406F
:10068000C4F20000042101F0A9F8FFE702B080BD28
:100690007047000070470000FFE7FEE7FFE7FEE756
:1006A0007047000088B0079006910592079800F007
:1006B000070004900498C0F10700052803D3FFE762
:1006C0000420019004E00498C0F107000190FFE7C6
:1006D0000198039004980430062803D8FFE700200F
:1006E000009003E0049803380090FFE70098029020
:1006F00006980399012202FA01F101390840029B90
:10070000984005999A40013A1140084308B0704753
:1007100088B0079006910592079800F007000490B2
:100720000498C0F10700052803D3FFE704200190D7
:1007300004E00498C0F107000190FFE701980390DE
:1007400004980430062803D8FFE70020009003E057
:10075000049803380090FFE70098029006980399E8
:10076000012202FA01F101390840029B98400599E3
:100770009A40013A1140084308B070470000000059
:10078000EFF30980BFF36F8F0D4B1A6820E9F00F6C
:1007900010602DE908404FF0500080F3118805F0FB
:1007A000FDFD4FF0000080F31188BDE80840196896
:1007B0000868B0E8F00F80F30988BFF36F8F7047C7
:1007C00048010020000000000000000000000000C0
:1007D000074B19680868B0E8F00F80F30988BFF389
:1007E0006F8F4FF0000080F311884EF00D0E7047B0
:1007F0004801002080B506F033FA06F0F7FB80BD13
:1008000041F21C01C4F20201086840F08050086007
:1008100047F25002C4F20002107840F00400107059
:10082000086820F08050086041F20001C4F2020123
:10083000086840F001000860FFE741F20000C4F2E0
:1008400002000068C0F34000012801D0FFE7F4E790
:1008500041F20401C4F20201086820F003000860BC
:10086000FFE741F20400C4F202000068800880073C
:1008700008B1FFE7F5E741F20001C4F202010868A0
:100880004FF6FF72CFF6F2621040086041F20401A9
:10089000C4F202010020086041F22C01C4F20201FE
:1008A00041F61070086041F23001C4F202014FF4C9
:1008B0008010086041F20801C4F202014FF41F00E9
:1008C00008604EF60851CEF200014FF0006008605B
:1008D000704700007047000070470000FFE7FEE728
:1008E00081B08DF803009DF9030000280ED4FFE7C6
:1008F0009DF9031001F01F02012090404A094EF2B9
:100900000011CEF2000141F82200FFE701B070476C
:100910004EF60C50CEF200000068C0F30220704783
:100920004EF60C50CEF200000068C0F30220704773
:1009300082B08DF8070000919DF9070000280AD4C5
:10094000FFE7009800019DF907104EF20042CEF239
:10095000000288540BE0009800019DF8071001F098
:100960000F014EF61452CEF200028854FFE702B097
:100970007047000082B08DF8070000919DF90700D4
:1009800000280AD4FFE7009800019DF907104EF2F5
:100990000042CEF2000288540BE0009800019DF85E
:1009A000071001F00F014EF61452CEF200028854E7
:1009B000FFE702B07047000083B00290029800F099
:1009C000070000904EF60C51CEF20001086801902D
:1009D00001984FF6FF02104001900198009A40EAFA
:1009E00002200022C0F2FA521043019001980860E0
:1009F00003B0704782B0019000910098027801998D
:100A0000486802F0010220F4807040EA0220486049
:100A1000009842780199886802F0010220F00200F3
:100A200040EA42008860009882780199886802F064
:100A3000010220F4006040EAC22088600098C0787B
:100A4000421E0199C86A02F00F0220F4700040EAC9
:100A50000250C86202B0704781B000900099002037
:100A60000870009948700099887000990120C8703A
:100A700001B0704780B542F20040C4F2010000F0BE
:100A80001BF8FFE742F20040C4F2010000F01EF83C
:100A900008B1FFE7F6E742F20040C4F2010000F0BF
:100AA00029F8FFE742F20040C4F2010000F02CF800
:100AB00008B1FFE7F6E780BD81B000900099886833
:100AC00040F00800886001B07047000082B00090DC
:100AD00000988068C008C00720B1FFE701208DF8AA
:100AE000070003E000208DF80700FFE79DF80700EE
:100AF00002B0704781B000900099886840F004000F
:100B0000886001B07047000082B000900098806853
:100B10008008C00720B1FFE701208DF8070003E03F
:100B200000208DF80700FFE79DF8070002B070472E
:100B300082B001908DF803109DF803200199886818
:100B400002F0010220F4807040EA0220886002B0C6
:100B50007047000082B001908DF803109DF80320CB
:100B60000199886862F30000886002B07047000055
:100B700083B002908DF807108DF806208DF80530AF
:100B80009DF8070009281CDCFFE702980069009027
:100B90009DF8070000EB4001072000FA01F10098E2
:100BA000884300909DF805009DF8071001EB410176
:100BB00000FA01F10098084300900098029908613A
:100BC0001EE00298C06800909DF8070000EB40000E
:100BD000A0F11E01072000FA01F10098884300905F
:100BE0009DF805009DF8071001EB41011E3900FA40
:100BF00001F100980843009000980299C860FFE74F
:100C00009DF806000D281FDBFFE70298C06A0090E0
:100C10009DF8060000EB8000A0F141011F2000FAC2
:100C200001F10098884300909DF807009DF8061098
:100C300001EB8101413900FA01F10098084300906D
:100C400000980299C86242E09DF8060007281FDB61
:100C5000FFE70298006B00909DF8060000EB800013
:100C6000A0F123011F2000FA01F1009888430090B1
:100C70009DF807009DF8061001EB8101233900FA69
:100C800001F10098084300900098029908631DE064
:100C90000298406B00909DF8060000EB8000411F19
:100CA0001F2000FA01F10098884300909DF807008A
:100CB0009DF8061001EB8101053900FA01F1009859
:100CC00008430090009802994863FFE7FFE703B0EC
:100CD0007047000082B001908DF803108DF802205B
:100CE0009DF80300082811DBFFE70199886840F0B0
:100CF000007088609DF8030000F007020199886881
:100D000020F4602040EA4240886010E00199886841
:100D100020F0007088609DF8030000F00702019940
:100D2000886820F4602040EA42408860FFE79DF830
:100D300002200199886802F0010220F4801040EA44
:100D40000250886002B0704782B001908DF80310A5
:100D50009DF803200199486802F0010220F4006028
:100D600040EAC220486002B07047000082B00190A3
:100D70008DF803109DF803200199886802F00102A4
:100D800020F4800040EA8250886002B07047000082
:100D900080B582B042F20040C4F20100009001210F
:100DA0000191FFF7D7FE00980199FFF7DFFF02B02E
:100DB00080BD000081B08DF803009DF8032042F251
:100DC0000841C4F20101086802F0010220F40000A9
:100DD00040EAC250086001B07047000080B5A2B080
:100DE000219040F2B401C2F200010020086040F2FC
:100DF000B801C2F20001086040F2BC01C2F2000179
:100E0000086040F2B001C2F20001086049F69A1091
:100E1000C3F679702090FFE749F2C400C0F60000E5
:100E20001890C06980470A2005F01AF940F2A8001E
:100E3000C2F200000F90408807F040FF18998968BF
:100E400007F0BCFF014618980891008807F036FFAC
:100E50000146089807F03CFE01460F9840F2BC029C
:100E6000C2F2000210921160808807F027FF189AE2
:100E70000146109809910168506892680A9207F03B
:100E800027FE0146099807F099FF0A9907F096FF97
:100E9000014618980B91008807F010FF01460B9847
:100EA00007F016FE1F901F994FF2C350C3F6A870AB
:100EB00008F050F807F048FD4CF2F432CEF2081278
:100EC0004CF2D163CBF6717307F0A0FA0022002335
:100ED000C4F2390307F0F2F907F0BEF91F9040F2AF
:100EE000B000C2F200000E9000681E901E980C9098
:100EF0001F984CF6C041C3F6CC41149107F05EFF39
:100F000001460C980D9149F69A11C3F67971159125
:100F100007F054FF0D9907F043FD0E9A01460F9814
:100F20001E911E991160008807F0C8FE18994A6842
:100F30001192CA681392096907F040FF109902469E
:100F400011981292096807F0C3FD0146129807F044
:100F500035FF139907F024FD14991D9040F2B40059
:100F6000C2F20000199000681C901C9816901D9801
:100F700007F024FF159902461698179207F01EFFF6
:100F8000179907F00DFD1899024619981C921C9AA2
:100F900002600068496907F081FD50B9FFE749F236
:100FA000A410C0F60000826840F60D60032190474F
:100FB00021E040F2B400C2F20000006849F2C4012E
:100FC000C0F60001896907F062FD50B9FFE749F2F8
:100FD000A410C0F60000826840F60D60042190471E
:100FE00008E049F2A410C0F60000C16840F60D60A8
:100FF0008847FFE7FFE749F2C401C0F60001069108
:1010000048688968029140F2BC01C2F20001096897
:1010100007F05EFD0146029807F0D0FE1B9040F2FB
:10102000B800C2F20000059000681A901A98039068
:101030001B984CF6C041C3F6CC4107F0BFFE0146F9
:101040000398049149F69A11C3F6797107F0B6FE38
:10105000049907F0A5FC0599024606981A921A9A77
:101060000A600968079180684CF6CD41C3F68C711F
:1010700007F0A4FE0146079807F010FD50B9FFE7FE
:1010800049F2A410C0F60000826840F60F60032108
:1010900090472AE040F2B800C2F2000000680190D8
:1010A00049F2C400C0F60000806846F26661C3F6EB
:1010B000667107F083FE0146019807F0E8FC50B91D
:1010C000FFE749F2A410C0F60000826840F60F6006
:1010D0000421904708E049F2A410C0F60000C1685E
:1010E00040F60F608847FFE7FFE795E680B582B0DE
:1010F00001900020009040F2B020C2F20000006891
:1011000060B1FFE740F2B020C2F200000068019930
:1011100000231A4606F04CF80090FFE7009802B052
:1011200080BD000080B582B0642004F099FF05F016
:10113000DFFE40F2D001C2F200010191886104F0AB
:101140009DFD0199486102B080BD000040F2B400ED
:10115000C2F200000068704740F2B000C2F2000026
:101160000068704740F2B800C2F2000000687047A3
:1011700080B588B049F20C10C0F6000000688047C6
:1011800040F2D000C2F2000002903021FFF739F99E
:101190004FF4967004F064FF029800F0F5FF694682
:1011A00000200690486001200790086043F6454003
:1011B000C0F6000049F20B21C0F600014FF40072A6
:1011C00005920523039306F02DFC039B069A0798CE
:1011D00069464A60086042F62D40C0F6000049F2B8
:1011E0001921C0F600014FF4807206F01BFC06982E
:1011F000694648600220086041F65160C0F6000070
:1012000049F23421C0F600014FF4806204924FF499
:10121000FA7306F007FC049A079B06986946486033
:101220000320086041F67D70C0F6000049F24021BD
:10123000C0F6000106F0F6FB059A069B0798694682
:101240004B60086042F6E560C0F6000049F22621D6
:10125000C0F600010A2306F0E5FB069B07986946E5
:101260004B60086040F6DD50C0F6000049F20021F6
:10127000C0F60001802206F0D5FB08B080BD00005A
:1012800080B582B001200190072003F019FE49F2D9
:101290000C10C0F600000090C068006880470098FD
:1012A000006900688047019802B080BD83B0029059
:1012B0000191002000900298052852D8FFE749F2DA
:1012C0000410C0F60000007848F20001C1F6FF01EA
:1012D0000843019908600199012048600298052897
:1012E00004D1FFE701990020886037E001990420CC
:1012F0008860029800EB400140F20000C2F200005A
:1013000050F82110019A1173029901EB410150F834
:101310002110090A019A5173029901EB410100EB76
:10132000810149884901019A9173029901EB4101B8
:1013300000EB8101496801F01F03019A917B194379
:101340009173029901EB410100EB81008068002854
:1013500018BF0120C0010199C873FFE70120009068
:10136000FFE7009803B0704786B005900491002015
:101370008DF80F0002900599086820F002000860BF
:101380000599086840F001000860FFE7059841688A
:101390000020C907019041B9FFE702984FF6FF719D
:1013A000401A18BF01200190FFE70198C00720B143
:1013B000FFE7029801300290E8E705984068C0070F
:1013C000002800F08380FFE70498427805990868B8
:1013D00002F0010220F0800040EAC2100860049888
:1013E00082780599086802F0010220F0400040EA86
:1013F000821008600498C2780599086802F001021A
:1014000020F0200040EA4210086004980279059913
:10141000086802F0010220F0100040EA02100860A3
:10142000049842790599086802F0010220F008004A
:1014300040EAC2000860049882790599086802F0C1
:10144000010220F0040040EA82000860049800785D
:1014500000F001020599C86920F0804040EA8270DE
:10146000C861049802780599C869520862F3DF7070
:10147000C8610599086820F001000860002002900A
:10148000FFE7059841680020C907009041B1FFE7D8
:1014900002984FF6FF71401A18BF01200090FFE735
:1014A0000098C00720B1FFE7029801300290E8E7FA
:1014B00005984068C00720B1FFE700208DF80F00B5
:1014C00003E001208DF80F00FFE703E000208DF816
:1014D0000F00FFE79DF80F0006B0704786B005903B
:1014E000049100208DF80F0002900599086820F003
:1014F000020008600599086840F001000860FFE7F5
:10150000059841680020C907019041B9FFE702989A
:101510004FF6FF71401A18BF01200190FFE70198B4
:10152000C00720B1FFE7029801300290E8E7059874
:101530004068C007002856D0FFE704980088421E84
:101540000599C86962F30B00C8610498827805990F
:10155000C86902F0030220F0407040EA0260C861EE
:101560000498C2780599C86902F00F0220F470202F
:1015700040EA0240C861049802790599C86902F0FE
:10158000070220F4E00040EA0250C86105990868AB
:1015900020F00100086000200290FFE705984168F4
:1015A0000020C907009041B1FFE702984FF6FF7194
:1015B000401A18BF01200090FFE70098C00720B133
:1015C000FFE7029801300290E8E705984068C007FD
:1015D00020B1FFE700208DF80F0003E001208DF817
:1015E0000F00FFE703E000208DF80F00FFE79DF8F4
:1015F0000F0006B07047000081B0009000990020F5
:101600004870009988700099C87000990871009915
:101610004871009988710099087001B07047000006
:1016200087B006900591002004900598C1780120AC
:10163000884004900699D1F8000240F00100C1F8FA
:101640000002049A0699D1F81C029043C1F81C02CA
:10165000059800790146039120B1FFE7039801281E
:1016600030D05FE0049A0699D1F80C029043C1F89B
:101670000C02059A908900040699D27801EBC20108
:10168000C1F8400205990A890698C97800EBC101A2
:10169000D1F840021043C1F84002059A5089000475
:1016A0000699D27801EBC201C1F844020599CA88B3
:1016B0000698C97800EBC101D1F844021043C1F883
:1016C000440230E0049A0699D1F80C021043C1F8A4
:1016D0000C02059AD08800040699D27801EBC20169
:1016E000C1F8400205990A890698C97800EBC10142
:1016F000D1F840021043C1F84002059A5089000415
:101700000699D27801EBC201C1F8440205998A8991
:101710000698C97800EBC101D1F844021043C1F822
:10172000440200E0FFE7059840780146029120B1AD
:10173000FFE70298012808D00FE0049A0699D1F833
:1017400004029043C1F8040208E0049A0699D1F813
:1017500004021043C1F8040200E0FFE70598807816
:101760000146019120B1FFE70198012808D00FE060
:10177000049A0699D1F814029043C1F8140208E0C3
:10178000049A0699D1F814021043C1F8140200E03B
:10179000FFE7059800780146009160B1FFE70098E7
:1017A000012810D1FFE7049A0699D1F81C021043D2
:1017B000C1F81C0208E0049A0699D1F81C02904373
:1017C000C1F81C0200E0FFE70699D1F8000220F002
:1017D0000100C1F8000207B07047000083B002901A
:1017E00001910198013801460091102843D80099D1
:1017F000DFE801F00909090D0914181D41222641ED
:101800002A2E32363A0002990420486034E00299C8
:10181000042048600299002088612DE0029901208F
:10182000886029E002994FF48070886024E0029972
:101830004FF4803088601FE002990820C8601BE0E8
:1018400002991020C86017E002990820086113E08F
:101850000299102008610FE00299082048600BE00F
:1018600002991020486007E0029940F20110C0F28E
:101870000100886000E0FFE703B0704784B0039088
:10188000029100208DF8070002980138014600916E
:10189000102800F2BB800099DFE801F00910171E44
:1018A0002D343B4249575E65737A81889D000398C9
:1018B000806900F001008DF80700ABE003988069B3
:1018C000C0F340008DF80700A4E003988069C0F3DE
:1018D00080008DF807009DE00398806900094007AB
:1018E00020B1FFE701208DF8070003E000208DF80C
:1018F0000700FFE78EE003984068C0F380008DF892
:10190000070087E00398806800F001008DF8070069
:1019100080E003988068C0F300208DF8070079E02C
:1019200003988068C0F300408DF8070072E00398C8
:10193000C068800720B1FFE701208DF8070003E0B1
:1019400000208DF80700FFE764E00398C068C0F34B
:10195000C0008DF807005DE00398C068C0F3001078
:101960008DF8070056E003980069800720B1FFE773
:1019700001208DF8070003E000208DF80700FFE745
:1019800048E003980069C0F3C0008DF8070041E00B
:1019900003980069C0F300108DF807003AE003983F
:1019A0004068C0F3C0008DF8070033E0039840683A
:1019B0004008C00730B9FFE7039840680009C00736
:1019C00020B1FFE701208DF8070003E000208DF82B
:1019D0000700FFE71EE003988068800EC00760B92B
:1019E000FFE703988068C00EC00730B9FFE703988F
:1019F0008068000FC00720B1FFE701208DF80700C5
:101A000003E000208DF80700FFE703E000208DF8D9
:101A10000700FFE79DF8070004B0704783B002900D
:101A200001918DF803209DF8030030B1FFE7019A82
:101A3000029948691043486105E0019A0299486992
:101A400090434861FFE703B07047000082B0019007
:101A5000002000900198006820F07C4040F60101D1
:101A6000C0F2772188420DD1FFE70198007BFF2863
:101A700007D1FFE70198407B18B9FFE701200090EC
:101A8000FFE7FFE7009802B07047000080B584B020
:101A900003908DF80B10019203989DF80B1000EB4A
:101AA0000110D0F8B001C0F38000019908720198CC
:101AB000007A0146009120B1FFE7009801280BD081
:101AC00015E003989DF80B1000EB0110D0F8B00161
:101AD000400D019908600BE003989DF80B1000EB96
:101AE0000110D0F8B001C0080199486000E0FFE79C
:101AF00003989DF80B1000EB0110D0F8B001C0F373
:101B000040000199487203989DF80B1000EB0110FA
:101B1000D0F8B40100F00F000199887203989DF885
:101B20000B1000EB0110D0F8B401000A0199C87441
:101B300003989DF80B1000EB0110D0F8B801019943
:101B4000C87203989DF80B1000EB0110D0F8B80193
:101B5000000A0199087303989DF80B1000EB01101F
:101B6000D0F8B801000C0199487303989DF80B1048
:101B700000EB0110D0F8B801000E019988730398AA
:101B80009DF80B1000EB0110D0F8BC010199C8734F
:101B900003989DF80B1000EB0110D0F8BC01000A6F
:101BA0000199087403989DF80B1000EB0110D0F810
:101BB000BC01000C0199487403989DF80B1000EBD0
:101BC0000110D0F8BC01000E0199887403989DF8AB
:101BD0000B1000F00DF904B080BD000084B003903C
:101BE000029104208DF8070003988068800EC007DA
:101BF00020B1FFE700208DF8070019E00398806806
:101C0000C00EC00720B1FFE701208DF807000EE0ED
:101C100003988068000FC00720B1FFE702208DF80D
:101C2000070003E004208DF80700FFE7FFE7FFE768
:101C30009DF80700042800F08480FFE703989DF8D2
:101C4000071000EB0111D1F8800100F00100C1F88C
:101C500080010298027A03989DF8071000EB0111A9
:101C6000D1F8800102F0010220F0040040EA820075
:101C7000C1F880010298007A0146009120B1FFE787
:101C80000098012810D01DE00298026803989DF882
:101C9000071000EB0111D1F880016FF35F5040EAAB
:101CA0004250C1F880010EE00298426803989DF806
:101CB000071000EB0111D1F8800140EAC200C1F821
:101CC000800100E0FFE70298427A03989DF8071030
:101CD00000EB0111D1F8800102F0010220F00200B6
:101CE00040EA4200C1F880010298827A03989DF888
:101CF000071000EB0111D1F8840162F30300C1F871
:101D000084010298D0F80B0003999DF8072001EB9D
:101D10000211C1F888010298D0F80F0003999DF8CC
:101D2000072001EB0211C1F88C0103989DF8071000
:101D300000EB0111D1F8800140F00100C1F88001F1
:101D4000FFE79DF8070004B07047000080B588B039
:101D50008DF81F000691002005909DF81F1046F297
:101D60000040C4F200006A46FFF790FE9DF80900AB
:101D7000D0BBFFE79DF80800012807D1FFE70699CF
:101D80000120486001980699086006E00699002045
:101D90004860009806990860FFE79DF80A000699D8
:101DA00088609DF80B00069908739DF80C00069951
:101DB00048739DF80D00069988739DF80E000699EA
:101DC000C8739DF80F00069908749DF810000699D5
:101DD00048749DF81100069988749DF812000699C0
:101DE000C87401200590FFE7059808B080BD000089
:101DF00083B002908DF807109DF80700014600910E
:101E000020B1FFE70098012804D007E002992020C4
:101E1000C86004E002992020086100E0FFE703B0F9
:101E20007047000080B582B001900198406860B1B1
:101E3000FFE70198FFF70AFE012805D1FFE704F04C
:101E4000A5FAFFE700BFFDE7FFE702B080BD000095
:101E500080B588B00790079818B1FFE70798009001
:101E600003E04FF4FA700090FFE70098069000221C
:101E7000059204920392029201924020142105F0EF
:101E8000D3F840F2A021C2F200010860FFE740F25F
:101E9000A020C2F200000068069A01A905F054FBD8
:101EA00001280AD1FFE701A8FFF7BCFF40F2D001EB
:101EB000C2F200010120C86206E040F2D001C2F285
:101EC00000010020C862FFE7E1E7000080B588B0AC
:101ED0000790002006900798806800284BD3FFE702
:101EE00007988068082846D8FFE7079880688DF82B
:101EF0000E0000208DF80D0007984068012807D1DA
:101F0000FFE701208DF80C0007980068029006E0BA
:101F100000208DF80C00079800680190FFE70798F3
:101F2000007B8DF80F000798407B8DF81000079814
:101F3000807B8DF811000798C07B8DF81200079800
:101F4000007C8DF813000798407C8DF814000798EA
:101F5000807C8DF815000798C07C8DF8160046F23D
:101F60000040C4F2000001A9FFF738FE043818BF92
:101F700001200690FFE7069808B080BD80B588B0C4
:101F80000790079818B1FFE70798009002E001203A
:101F90000090FFE7009806900022059204920392B9
:101FA000029201924020142105F03EF840F2B02147
:101FB000C2F20001086049F2A410C0F600004068B7
:101FC0008047FFE740F2B020C2F20000006801A99C
:101FD0004FF0FF3205F0B8FAFFE749F20C10C0F6F7
:101FE00000004068016801A88847012804D0FFE785
:101FF000069804F035F8F0E7E4E7000081B08DF8CA
:1020000003009DF8030000F0030241F20401C4F252
:102010000201086820F4404040EA823008609DF8E0
:1020200003200868920862F31C70086001B07047D2
:1020300081B08DF803009DF8032041F20401C4F241
:102040000201086802F00F0220F0F00040EA0210DE
:10205000086001B07047000081B08DF803009DF862
:10206000032041F20401C4F20201086802F00702F1
:1020700020F4E06040EA0220086001B070470000F0
:1020800081B08DF803009DF8032041F20401C4F2F1
:102090000201086802F0070220F4605040EAC22002
:1020A000086001B07047000081B08DF803009DF812
:1020B0000300012809D1FFE741F25401C4F20201F3
:1020C000086840F03000086008E041F25401C4F2B2
:1020D0000201086820F030000860FFE701B0704797
:1020E00082B08DF807008DF806109DF807000146B4
:1020F0000091042844D80099DFE801F0030E1D2C5C
:1021000037009DF8062041F20001C4F20201086880
:1021100062F30000086034E09DF8062041F20001FF
:10212000C4F20201086802F0010220F4803040EAA3
:102130000240086025E09DF8062041F20001C4F24B
:102140000201086802F0010220F0807040EA02609B
:10215000086016E09DF8062041F22001C4F2020159
:10216000086862F3000008600BE09DF8062041F269
:102170002401C4F20201086862F30000086000E074
:10218000FFE702B07047000080B58EB00D900020D0
:1021900001900C900B900A9009900890079006907F
:1021A0000590049000F008FB8DF80F009DF80F00DB
:1021B0000146029140B1FFE70298012825D0FFE7D0
:1021C0000298022828D0C1E041F25400C4F2020073
:1021D0000068400AC00780B1FFE741F23000C4F256
:1021E00002000068400EC00738B1FFE70D9946F6BF
:1021F0000040C0F2DC20086006E00D9941F20020AA
:10220000C0F27A000860FFE7A7E00D9942F20040B3
:10221000C0F2F4000860A0E041F20400C4F2020041
:102220000068C0F300400A9041F22C00C4F20200A2
:1022300001680020B0EBD17F47D1FFE741F20400F5
:10224000C4F202000168C1F383410C910068C0F33D
:1022500041700B900B9820B9FFE70C980F2807D11D
:10226000FFE70B990C9800EB011001300C9003E094
:102270000C9802300C90FFE70A9848B9FFE70C98D9
:1022800040F60011C0F23D0148430D9908601BE083
:1022900041F20400C4F202000068400CC00748B1DB
:1022A000FFE70C9841F20021C0F27A0148430D99F2
:1022B000086008E00C9842F20041C0F2F401484383
:1022C0000D990860FFE7FFE73FE041F22C00C4F200
:1022D00002000168C1F3031106910168C1F30821EE
:1022E0000591006800F0070004900A9830B9FFE7F4
:1022F00040F60010C0F23D00079015E041F20400E6
:10230000C4F202000068400CC00730B1FFE741F2A0
:102310000020C0F27A00079005E042F20040C0F2CF
:10232000F4000790FFE7FFE707980599A0FB01017C
:10233000069ADDF810C0012303FA0CF35A43002378
:10234000FDF79AFF0D990860FFE706E00D9941F24D
:102350000020C0F27A000860FFE741F20400C4F2F6
:1023600002000168C1F303110991099A49F2701141
:10237000C0F60001895C08910D9A1168089BD9404C
:1023800051600168C1F302210991099A49F2601173
:10239000C0F60001895C08910D9A5168089BD940EC
:1023A000D1600168C1F3C2210991099A49F268110B
:1023B000C0F60001895C08910D9A5168089BD940CC
:1023C00091600168C1F30071099109990068C0F337
:1023D000813040EA81000990099949F25810C0F60D
:1023E0000000405C08900D998868089AB0FBF2F0F4
:1023F00008610EB080BD000082B0019000208DF811
:102400000300BDF8060041F20001C4F20201405889
:10241000019901F01F01C840C00720B9FFE7002063
:102420008DF8030003E001208DF80300FFE79DF81D
:10243000030002B07047000080B584B00020039014
:102440008DF80B00FFE71120FFF7D6FF01460020B3
:102450000129019008D0FFE703990020B1F5405F02
:1024600038BF01200190FFE70198C00720B1FFE7C6
:10247000039801300390E6E71120FFF7BDFF012824
:1024800004D0FFE700208DF80B0003E001208DF859
:102490000B00FFE79DF80B0004B080BD82B00190F7
:1024A0008DF803109DF8030001280FD1FFE7019874
:1024B00000F01F02012101FA02F3010C41F20002B7
:1024C000C4F202028858184388500EE0019800F0C8
:1024D0001F02012101FA02F3010C41F20002C4F2D1
:1024E0000202885898438850FFE702B07047000006
:1024F00083B08DF80B008DF80A10002001908DF844
:1025000003009DF80B00B0B9FFE741F20401C4F2EB
:102510000201086820F48030086040F60010C0F224
:102520003D00019041F23001C4F20201086840F020
:102530000070086029E041F20401C4F20201086859
:1025400040F4803008609DF80B0001280ED1FFE7B1
:1025500042F20040C0F2F400019041F20401C4F2E2
:102560000201086820F4003008600DE041F200200C
:10257000C0F27A00019041F20401C4F2020108683D
:1025800040F400300860FFE7FFE7019848F261215E
:10259000C0F23B0188420CD3FFE7019844F63F317B
:1025A000C0F24C01884204D8FFE700208DF80300F8
:1025B00068E0019845F68101C0F24F0188420CD3D2
:1025C000FFE7019845F60F61C0F25F01884204D829
:1025D000FFE701208DF8030053E0019843F2955185
:1025E000C0F2770188420CD3FFE7019841F60F3122
:1025F000C0F27F01884204D8FFE702208DF8030073
:102600003EE0019841F61131C0F27F0188420CD3BF
:10261000FFE701984BF61F41C0F2BE01884204D883
:10262000FFE703208DF8030029E0019846F62931E1
:10263000C0F2EE0188420CD3FFE701984DF22F71F2
:10264000C0F23D11884204D8FFE704208DF8030052
:1026500014E001984DF23171C0F23D1188420CD363
:10266000FFE701984EF6D711C0F2DC11884204D87A
:10267000FFE705208DF80300FFE7FFE7FFE7FFE72F
:10268000FFE7FFE79DF80A0000F00F0241F20401A6
:10269000C4F20201086820F4701040EA8240086029
:1026A0009DF80A0000F03002086820F0C04040EABF
:1026B000426008609DF8032041F22C01C4F202013F
:1026C000086802F0070220F0E06040EA026008605B
:1026D00003B0704741F20001C4F20201086840F003
:1026E00001000860FFE741F20000C4F20200006848
:1026F000C0F34000012801D0FFE7F4E741F20401F4
:10270000C4F20201086820F003000860FFE741F20C
:102710000400C4F2020000688008800708B1FFE7E7
:10272000F5E741F20001C4F2020108684FF6FF72BA
:10273000CFF6F2621040086041F20401C4F20201D7
:102740000020086041F22C01C4F2020141F6107031
:10275000086041F23001C4F202014FF480100860B9
:1027600041F20801C4F202014FF41F0008607047F3
:1027700081B08DF803009DF8032041F20401C4F2FA
:102780000201086862F30100086000BF00BF00BFDB
:1027900000BF00BF00BF00BF00BF00BF00BF00BF41
:1027A00000BF00BF00BF00BF00BF00BF00BF00BF31
:1027B00000BF01B07047000041F20400C4F2020003
:1027C0000068C0F38100704780B582B0019049F283
:1027D000E800C0F6000000688047FFE749F2E80023
:1027E000C0F6000040688047F8E7000082B0019022
:1027F0008DF803109DF803200199086862F300002A
:10280000086002B07047000081B00090009900207D
:1028100008600099486000990881009948810099F2
:10282000087300994873009988730099C8730099D8
:1028300008740099487401B07047000082B001909C
:102840008DF803108DF802200198D0F8A400000E36
:10285000C00740B9FFE70199D1F8A40040F08070AB
:10286000C1F8A400FFE79DF8030001280BD1FFE7A2
:102870009DF802200199D1F8A00020F0FF0010443B
:10288000C1F8A0006AE09DF8030002280CD1FFE720
:102890009DF802200199D1F8A00020F47F4040EA81
:1028A0000220C1F8A00058E09DF8030003280CD1D5
:1028B000FFE79DF802200199D1F8A00020F47F00E5
:1028C00040EA0240C1F8A00046E09DF80300042859
:1028D0000CD1FFE79DF802200199D1F8A00020F06B
:1028E0007F4040EA0260C1F8A00034E09DF8030098
:1028F00005280BD1FFE79DF802200199D1F8A4002B
:1029000020F0FF001044C1F8A40023E09DF803006C
:1029100006280CD1FFE79DF802200199D1F8A40008
:1029200020F47F4040EA0220C1F8A40011E09DF8A5
:10293000030007280CD1FFE79DF802200199D1F888
:10294000A40020F47F0040EA0240C1F8A400FFE7A1
:10295000FFE7FFE7FFE7FFE7FFE7FFE702B07047AA
:1029600082B001900091019908684BF6EF72104017
:10297000086000980289019908681043086000986F
:10298000427C0199086802F0030220F4405040EABA
:10299000023008600098C27B0199086802F00302C7
:1029A00020F4406040EA822008600098827B019910
:1029B000086802F0030220F4407040EA0220086038
:1029C0000098427B0199086802F0010220F0800023
:1029D00040EAC21008600098027B0199086802F082
:1029E000010220F0400040EA821008600098027C5A
:1029F0000199086802F0010220F0200040EA42102C
:102A00000860009840890199486000980068019921
:102A10008860009840680199C86002B07047000063
:102A200082B0019000200090019A116821F001010C
:102A300011600199086001994860019988600199C5
:102A4000C86001980090009800F49F60C00880283A
:102A500017D8FFE79DF8000008384CF6CD41CCF6BA
:102A6000CC41A0FB01016FF0030000EA91010F20AF
:102A700000FA01F20421C4F2020108681043086060
:102A80001FE0009800F49F60C008902818D8FFE766
:102A90009DF8000008384CF6CD41CCF6CC41A0FBA7
:102AA00001016FF0030000EA91010F2000FA01F22A
:102AB00040F20441C4F20201086810430860FFE7D5
:102AC000FFE702B07047000080B50C20012104F040
:102AD000E5F980BD80B586B040F20011C2F2000178
:102AE00045F60000C4F20000086040F60040C4F261
:102AF000010000904FF4804100F0C4F800980221DA
:102B0000019100F0C9F8012005900021029104F024
:102B1000C5F90198029904F0C1F90599042004F05F
:102B2000BDF90299052004F0B9F902990D2004F0CD
:102B3000B5F902990E2004F0B1F902990F2004F0C2
:102B4000ADF90299102004F0A9F91320642104F0D2
:102B5000A5F91A20039002F0EFF90146039801F05D
:102B60007F0104F09BF91D20049002F0E5F9014675
:102B7000049841F0200104F091F9059806B080BD59
:102B800080B582B08DF807009DF80710032004F08F
:102B900085F902B080BD000080B582B08DF80700D5
:102BA0009DF80710012004F079F902B080BD000003
:102BB00080B582B08DF807009DF80710022004F060
:102BC0006DF902B080BD000080B582B08DF80700BD
:102BD0008DF806109DF8070004309DF80610C0B26D
:102BE00004F05CF902B080BD80B50C20002104F037
:102BF00055F980BD80B582B01A20019002F09CF991
:102C00000146019801F07F0104F048F902B080BD4F
:102C100080B582B01A20019002F08EF90146019829
:102C200041F0800104F03AF902B080BD80B584B073
:102C30000390039818B1FFE70398019002E0322057
:102C40000190FFE701980290FFE7029803F008FA6D
:102C5000FBE7000080B582B040F2C401C2F200017F
:102C6000684641600023036042F2C970C0F600006C
:102C700049F2F411C0F60001802204F0D3FE02B044
:102C800080BD000082B00190ADF80210BDF80200D6
:102C90000199486102B0704782B00190ADF802100E
:102CA000BDF802000199086102B0704781B0009040
:102CB00000994FF6FF700860009900208871009914
:102CC000087100990420487100990120C87101B071
:102CD0007047000084B00390029102980068ADF83C
:102CE000000002988079032804D1FFE70020ADF8A6
:102CF00002002FE002988079E0B9FFE7029840795E
:102D000000F00F00ADF8020002984079182805D1B4
:102D1000FFE7BDF80000039908610AE002984079D6
:102D2000282805D1FFE7BDF8000003994861FFE7B7
:102D3000FFE70EE002990A798879C97900F0080066
:102D400002F00402104401F003010844ADF802004F
:102D5000FFE7FFE79DF8000040B3FFE70020019088
:102D6000FFE70198072820D8FFE70199BDF8000088
:102D7000C840C007A0B1FFE7019881000F2000FA0A
:102D800001F20399086890430860BDF802000199B8
:102D9000890000FA01F20399086810430860FFE710
:102DA000FFE7019801300190DBE7FFE7BDF8000085
:102DB000B0F5807F2CDBFFE79DF80100ADF8000047
:102DC00000200190FFE70198072820D8FFE701992C
:102DD000BDF80000C840C007A0B1FFE7019881001E
:102DE0000F2000FA01F20399486890434860BDF84B
:102DF00002000199890000FA01F203994868104322
:102E00004860FFE7FFE7019801300190DBE7FFE74B
:102E100004B0704782B00190ADF8021000208DF828
:102E20000100BDF80200019989680140884204D080
:102E3000FFE700208DF8010003E001208DF801007C
:102E4000FFE79DF8010002B07047000085B00490D4
:102E50008DF80F109DF813000021C4F20101084302
:102E60000290BDF812008DF803000498000A8DF856
:102E7000020004988DF801009DF802009DF80310EF
:102E80000844C0F120014FF0FF30884001900198C4
:102E90009DF802109DF803201144C1F12001C840A3
:102EA000019001989DF80310C840019001989DF889
:102EB000031088400190019A0299086890430860C5
:102EC0009DF80F0058B1FFE79DF801009DF8031031
:102ED00000FA01F20299086810430860FFE705B0A4
:102EE0007047000080B584B00390039818B1FFE7E5
:102EF0000398019002E005200190FFE701980290FD
:102F0000FFE702984FF47A71484344F6D351C1F277
:102F10006201A0FB0110800903F0A2F8F1E70000B4
:102F200082B001908DF803108DF802209DF8020008
:102F300038B9FFE79DF8030000F0FE000199086131
:102F400006E09DF8030040F0010001990861FFE7E9
:102F500002B0704782B001908DF803109DF80320F5
:102F60000199086802F0010220F4806040EA8220A2
:102F7000086002B07047000082B001908DF8031025
:102F80009DF80300B0FA80F042090199086820F02A
:102F9000800040EAC210086002B0704781B0009023
:102FA00000980069C0B201B07047000082B0019083
:102FB0008DF803109DF803000199086102B0704775
:102FC00082B001908DF803109DF8032001990868E4
:102FD00062F30000086002B07047000082B0019008
:102FE0000091BDF8000080F45F4042F2FF01084309
:102FF000019948619DF800008007002805D5FFE78A
:103000000198406901988069FFE79DF80000C006BB
:10301000002808D5FFE7019840690199086840F049
:1030200001000860FFE702B07047000085B0039020
:1030300002910020019000900298000F01900298E8
:1030400020F07F400290019820B9FFE70398406983
:10305000009006E0BDF80A00029003988069009095
:10306000FFE700980299084204D0FFE701208DF89D
:10307000130003E000208DF81300FFE79DF8130014
:1030800005B0704782B001908DF803109DF80320C1
:103090000199086802F0010220F0400040EA821025
:1030A000086002B07047000080B58AB009908DF8C2
:1030B0002310079200200690ADF81600ADF814001A
:1030C0000999086820F0010008606846FFF75CF87D
:1030D000099845F20041C4F20001884208D0FFE798
:1030E000099845F60001C4F20001884203D1FFE7C8
:1030F00003980690FFE706984DF68361C4F21B31F2
:10310000A0FB0110800CADF81600BDF8162009993F
:10311000486862F307004860079848F2A061C0F26F
:103120000101884232D8FFE7069807994900B0FBB1
:10313000F1F0ADF81400BDF81400032804DCFFE73B
:103140000420ADF81400FFE7BDF814200999C86900
:1031500062F30B00C8610999C86920F40040C86196
:10316000BDF816000130402806DBFFE70999086A20
:1031700040F03F00086208E0BDF81600421C0999C3
:10318000086A62F305000862FFE764E09DF8230027
:1031900070B9FFE70698079901EB4101B0FBF1F028
:1031A000ADF814000999C86920F48040C8610DE0A9
:1031B0000698079919225143B0FBF1F0ADF81400BD
:1031C0000999C86940F48040C861FFE7BDF8140060
:1031D00020B9FFE70120ADF81400FFE7BDF8142087
:1031E0000999C86962F30B00C8610999C86940F47C
:1031F0000040C861079841F68021C0F2060188426C
:1032000014D8FFE7BDF816004FF49671484344F612
:10321000BB11C0F20C21A0FB0101012000EBD10287
:103220000999086A62F30500086213E0BDF8160008
:10323000C0EB0010C00041F26F21C0F28301A0FB7F
:103240000101012000EB51020999086A62F30500AF
:103250000862FFE7FFE70AB080BD000080B586B0D6
:103260000490ADF80E1002920498006801210191BB
:10327000FFF770FE0498006800F082FB0199049843
:10328000029B002200F090FB30B1FFE704990D2073
:1032900008768DF817006EE0049800688068C00B0F
:1032A000C00740B9FFE7049800689DF80E1001229E
:1032B000FFF736FE4DE004980068BDF80E1001F4EB
:1032C0004071C909F031FFF771FE0498029B082193
:1032D000012200F069FB30B1FFE704990E20087667
:1032E0008DF8170047E0049800689DF80E10FFF76E
:1032F0005DFE0498029B0221012200F055FB30B1D3
:10330000FFE704990F2008768DF8170033E0049842
:1033100000680221FFF762FE0498006800F030FBAD
:103320000498029B0121002200F03EFB30B1FFE730
:1033300004990D2008768DF817001CE004980068A9
:10334000BDF80E1001F44071C909F131FFF72EFEEE
:10335000FFE70498029B0221012200F025FB30B117
:10336000FFE704990F2008768DF8170003E000208E
:103370008DF81700FFE79DF8170006B080BD00002C
:1033800082B001908DF803109DF803200199086820
:1033900002F0010220F4006040EAC220086002B09E
:1033A0007047000080B584B00290ADF8061000921E
:1033B0000298006800F0E4FA0298009B01210022C4
:1033C00000F0F2FA30B1FFE702990D2008768DF88F
:1033D0000F003FE0029800688068C00BC00740B94A
:1033E000FFE7029800689DF806100022FFF798FD9D
:1033F0001EE002980068BDF8061001F44071C9098A
:10340000F031FFF7D3FD0298009B0821012200F064
:10341000CBFA30B1FFE702990E2008768DF80F0045
:1034200018E0029800689DF80610FFF7BFFDFFE75F
:103430000298009B0221012200F0B6FA30B1FFE7AA
:1034400002990F2008768DF80F0003E000208DF818
:103450000F00FFE79DF80F0004B080BD80B586B077
:1034600004908DF80F10ADF80C2002939DF80F001A
:10347000012807D1FFE7049800689DF80C10FFF7BA
:1034800095FD21E0049800689DF80D10FFF78EFD72
:103490000498029B8021012200F086FA8DF8070033
:1034A0009DF8070048B1FFE70498006800F072FA41
:1034B0009DF807008DF817000AE0049800689DF851
:1034C0000C10FFF773FDFFE700208DF81700FFE7F2
:1034D0009DF8170006B080BD80B586B084460A9876
:1034E0000998DDF820E0CDF810C08DF80F10ADF888
:1034F0000C20ADF80A30ADF808000898049948602F
:10350000BDF8080004990881049800220276049806
:103510000A9B0021C1F2020100F046FA20B1FFE748
:1035200001208DF817006CE1049800680021FFF776
:1035300027FF049800680121FFF70CFD0498BDF8EF
:103540000C100A9AFFF72EFF40B1FFE704980068BD
:1035500000F020FA02208DF8170052E1049800686C
:103560000221FFF73BFD04980A9B8021012200F015
:103570001BFA40B1FFE70498006800F00BFA032043
:103580008DF817003DE104989DF80F10BDF80A2052
:103590000A9BFFF763FF20B1FFE704208DF81700B7
:1035A0002FE104980A9B8021012200F0FDF940B12F
:1035B000FFE70498006800F0EDF905208DF817008A
:1035C0001FE10498BDF80C100A9AFFF747FE40B1BE
:1035D000FFE70498006800F0DDF906208DF8170079
:1035E0000FE1BDF8080001280FD1FFE7049800683B
:1035F0000021FFF7AFFC049800680221FFF7EEFC02
:103600000498006800F0C6F920E0BDF80800022820
:1036100010D1FFE7049800680121FFF7B1FE04987C
:1036200000680221FFF7DAFC049800680021FFF728
:1036300091FC0AE0049800680121FFF78BFC0498D4
:1036400000680221FFF7CAFCFFE7FFE7FFE7BDF8CC
:1036500008000128C0F2D180FFE7BDF80800032868
:1036600000F3AC80FFE7BDF8080001281ED1FFE79A
:1036700004980A9B4021002200F096F940B1FFE730
:103680000498006800F086F907208DF81700B8E06C
:1036900004980068FFF782FC08994A1C0892087099
:1036A000BDF808000138ADF8080086E0BDF8080054
:1036B00002282FD1FFE704980A9B0421002200F082
:1036C00073F940B1FFE70498006800F063F908203F
:1036D0008DF8170095E00498006800F05BF90498F5
:1036E0000068FFF75BFC08994A1C08920870BDF857
:1036F00008000138ADF8080004980068FFF74EFC98
:1037000008994A1C08920870BDF808000138ADF805
:10371000080051E004980A9B0421002200F044F9BB
:1037200040B1FFE70498006800F034F909208DF8F3
:10373000170066E00498006800210191FFF70AFC79
:1037400004980068FFF72AFC019A08994B1C08931B
:103750000870BDF808000138ADF8080004980A9B0D
:10376000042100F021F940B1FFE70498006800F05F
:1037700011F90A208DF8170043E00498006800F062
:1037800009F904980068FFF709FC08994A1C089297
:103790000870BDF808000138ADF80800049800680A
:1037A000FFF7FCFB08994A1C08920870BDF8080056
:1037B0000138ADF80800FFE7FFE71DE004980A9B19
:1037C0004021002200F0F0F840B1FFE704980068C3
:1037D00000F0E0F80B208DF8170012E00498006864
:1037E000FFF7DCFB08994A1C08920870BDF8080036
:1037F0000138ADF80800FFE729E700208DF8170031
:10380000FFE79DF8170006B080BD000080B584B0CA
:10381000844608980798DDF818E0CDF808C08DF8C0
:103820000710ADF80420ADF80230ADF8000006989E
:1038300002994860BDF800000299088102980022B0
:1038400002760298089B0021C1F2020100F0ACF858
:1038500020B1FFE701208DF80F0073E002980068A7
:103860000021FFF78DFD0298BDF80410089AFFF7BC
:1038700099FD40B1FFE70298006800F08BF8022044
:103880008DF80F005EE0029800680221FFF7A6FBAA
:103890000298089B8021012200F086F840B1FFE7E2
:1038A0000298006800F076F803208DF80F0049E0D8
:1038B00002989DF80710BDF80220089BFFF7CEFD87
:1038C00020B1FFE704208DF80F003BE0FFE7BDF8D3
:1038D000000001281EDBFFE70298089B80210122DF
:1038E00000F062F840B1FFE70298006800F052F87B
:1038F00005208DF80F0025E00298006806994A1C03
:1039000006920978FFF752FBBDF800000138ADF8C8
:103910000000DCE70298089B0421012200F044F833
:1039200040B1FFE70298006800F034F806208DF8F7
:103930000F0007E00298006800F02CF800208DF8D6
:103940000F00FFE79DF80F0004B080BD82B001902A
:103950008DF80310ADF800209DF8032001998868C8
:1039600002F0010220F4004040EAC2308860BDF855
:1039700000200199886862F30900886002B07047EE
:1039800081B000900099086840F48070086001B030
:103990007047000081B000900099086840F4007002
:1039A000086001B07047000080B586B004900391B4
:1039B0000292019303980021C1F20201884215D1BD
:1039C000FFE7FFE7049800680399FFF72FFB60B15A
:1039D000FFE70198411E019130B9FFE704991220D9
:1039E00008768DF8170053E0ECE74DE0FFE7049808
:1039F00000680399FFF71AFB002844D1FFE79DF800
:103A00000800C007C8B1FFE7049800684FF4806160
:103A1000FFF70CFB80B1FFE704980068FFF7BAFFDF
:103A2000049800684FF48061FFF7D8FA04991120D8
:103A300008768DF817002BE0FFE79DF80800800757
:103A4000002814D5FFE7049800681021FFF7EEFA6C
:103A500060B1FFE70498006810210091FFF7BEFAFB
:103A60000098049908768DF8170011E0FFE7019897
:103A7000411E019130B9FFE70499122008768DF8B4
:103A8000170005E0B3E7FFE700208DF81700FFE718
:103A90009DF8170006B080BD80B582B0002001906F
:103AA00049F2A410C0F60000C16898208847019030
:103AB000019802B080BD000080B582B00190002066
:103AC0000090019A49F2CC10C0F6000000EBC20150
:103AD00050F832008988FFF79DF9012803D1FFE7EC
:103AE00001200090FFE7009802B080BD80B582B051
:103AF0000190019A49F22810C0F6000000EBC201C3
:103B000050F832008988FFF7BDF802B080BD000090
:103B100080B582B00190019A49F22810C0F60000E9
:103B200000EBC20150F832008988FFF7B5F802B007
:103B300080BD000080B5A8B0279003208DF89B00C1
:103B4000FF208DF89A0040208DF8990008208DF80C
:103B5000980049F23E01C0F600010DF113008522E4
:103B6000FCF702FC279900200861C8608860486063
:103B70000860279A012151609DF89810279A91605A
:103B80009DF89B1089069DF89A2041EA02419DF814
:103B9000992041EA0221CF31279A11600390FFE773
:103BA0000398122845D8FFE700208DF80B000398F2
:103BB000C0EBC0010DF11300014440F2C800C2F295
:103BC00000004A78C978805CC840C00720B1FFE790
:103BD00002208DF80B0015E00398C0EBC0020DF138
:103BE00013008118825C40F2C800C2F20000805CC1
:103BF0008978C840C00720B1FFE701208DF80B008D
:103C0000FFE7FFE79DF80B100398C0EBC0020DF132
:103C10001300024410795279013A01FA02F227990D
:103C20000144C87A1043C872FFE70398013003903B
:103C3000B6E7279812300190019945F2AA50088002
:103C400028B080BD80B58CB00B900B9818B1FFE701
:103C50000B98089002E005200890FFE708980A906A
:103C600040F2C001C2F2000100200860FFE740F20C
:103C7000C000C2F200000068052824D8FFE749F21E
:103C80000C10C0F600008068016840F2C000C2F26B
:103C9000000007900068884707990B6840F2A4224B
:103CA000C2F200020020D0540A6840F2C801C2F2F9
:103CB00000018854FFE740F2C001C2F20001086829
:103CC00001300860D3E7012006900021059103220E
:103CD00003F0AAF9059A0146069845F29433C2F218
:103CE0000003196069464A60086043F6A160C0F6A7
:103CF000000049F24C21C0F600014FF48072052308
:103D000003F090FEFFE740F2C001C2F20001002084
:103D10000860FFE740F2C000C2F20000006805281A
:103D200000F2BD80FFE7002004908DF8270049F2E3
:103D30000C10C0F600008068416840F2C000C2F27A
:103D40000000006888470A984FF47A71484344F6A7
:103D5000D351C1F26201A0FB0110800902F080F989
:103D6000049840F29C21C2F200010860FFE740F293
:103D70009C20C2F200000068042834D8FFE749F212
:103D80000C10C0F600008068816840F29C20C2F2EE
:103D900000000068884701280ED1FFE740F29C2010
:103DA000C2F200000168012000FA01F19DF827002D
:103DB00088438DF827000DE040F29C20C2F20000FD
:103DC0000168012000FA01F19DF8270008438DF8F1
:103DD0002700FFE7FFE740F29C21C2F200010868DC
:103DE00001300860C3E749F20C10C0F6000080689B
:103DF000016840F2C000C2F20000039000688847EA
:103E000003999DF827000A6840F2A421C2F200013C
:103E1000895C88422DD1FFE740F2C000C2F2000069
:103E2000026840F2A420C2F20000805C40F2C801A7
:103E3000C2F20001895C88421AD0FFE740F2C0005C
:103E4000C2F20000026840F2A420C2F20000805CCE
:103E500040F2C801C2F20001885445F29430C2F227
:103E600000000068002319461A4603F0A1F9FFE795
:103E70000CE09DF8270040F2C001C2F200010A6880
:103E800040F2A421C2F200018854FFE7FFE740F2AC
:103E9000C001C2F200010868013008603AE732E769
:103EA00080B588B0079064208DF81B0014208DF831
:103EB0001A00FFE700200590049003900290019003
:103EC0009DF81A004FF47A710091484348F6381172
:103ED000C0F24101A0FB011002F0C2F8009A45F2C5
:103EE0009430C2F2000000689DF81B109DF81A3053
:103EF000C91A514344F6D352C1F26202A1FB022116
:103F0000890903F00FFC01A8FFF714FE40F2B0206E
:103F1000C2F20000006858B1FFE740F2B020C2F2E0
:103F20000000006801A900231A4603F041F9FFE7E9
:103F3000C0E7000080B586B040F23811C2F200013F
:103F4000002005900871086041F60040C4F20100AD
:103F5000039040210491FEF795FE022002F080F8C4
:103F600003980499FEF798FE059869464860042076
:103F7000086043F69170C0F6000049F25F21C0F678
:103F8000000180220A2303F04DFD06B080BD000031
:103F900080B584B00390039818B1FFE703980090B0
:103FA00002E014200090FFE700980290FFE70298DB
:103FB0004FF47A71484344F6D351C1F26201A0FB39
:103FC0000110800902F04CF841F60040C4F20100F3
:103FD0008021FEF757FE00200190FFE7019804289A
:103FE00028DCFFE7FFE743F60000C4F200000221EF
:103FF00001F0FCF801280CD1FFE74EF60451CEF297
:1040000000014FF080500860BFF34F8FBFF36F8FF8
:10401000E9E7019940F23810C2F20000415C43F632
:104020000000C4F2000001F0D7F8FFE7019801306A
:104030000190D3E741F60040C4F201008021FEF771
:104040002BFEB4E788B007900691059200200490FB
:104050000798132843DCFFE70798C11700EB91701E
:10406000801003900798C11700EB917121F00301B4
:10407000401A02900299032000FA01F3039A40F2D9
:104080003811C2F20001885C98438854059818B32F
:10409000FFE706980090012804D0FFE70098022867
:1040A00004D007E001208DF8070007E002208DF81A
:1040B000070003E000208DF80700FFE79DF80700E8
:1040C000029900FA01F3039A40F23811C2F200019A
:1040D000885C18438854FFE701200490FFE70498A8
:1040E00008B0704780B582B00020019002F05AFD00
:1040F00002F0AAFC02F032FC02F0BEFD02F03EFB30
:1041000002F0F6FA40F2A802C2F200020820C4F25D
:104110000200009042F24C41C4F20101032302F07C
:1041200011FB00980121FEF761FB02F04FFE02F047
:10413000DDFC02F0BBFB02F0D1F902F0CBFD02F096
:1041400043FA02F099FE02F00FFBFFE7FEE70000E2
:1041500080B584B08DF80F0002910192002000908C
:10416000FCF7DEFB0299019AFCF7D2FA00909DF968
:104170000F000099FCF7FEFB9DF90F00FCF7B0FB68
:1041800004B080BD80B582B08DF807009DF80700AF
:10419000FCF712FC02B080BD80B584B003900291A0
:1041A00045F2AC30C2F200000068009040F24810C6
:1041B000C2F200000068043001F03CFD08B9FFE7DE
:1041C00000E0FFE70398013080B9FFE7029868B18B
:1041D000FFE740F24810C2F200000068011D45F2FE
:1041E0009830C2F2000001F0F9FD3DE0009803991B
:1041F00008440190019840F24811C2F20001096898
:1042000048600198009988420ED2FFE740F25410AE
:10421000C2F20000006840F24811C2F200010968D1
:10422000043101F0A5FD1EE040F25010C2F2000082
:10423000006840F24811C2F200010968043101F03F
:1042400097FD019845F23031C2F2000109688842B9
:1042500007D2FFE7019845F23031C2F20001086051
:1042600000E0FFE7FFE7FFE704B080BD80B582B064
:10427000019001F0D1FD45F2BC21C2F200010868B5
:104280000130086040F24810C2F20000006898B99E
:10429000FFE7019840F24811C2F20001086045F2C0
:1042A000BC20C2F200000068012803D1FFE700F043
:1042B00037FA00E0FFE71CE045F29030C2F2000060
:1042C0000068A0B9FFE740F24810C2F200000068A1
:1042D000C06A0199C96A884207D8FFE7019840F28D
:1042E0004811C2F20001086000E0FFE700E0FFE7CC
:1042F000FFE745F2C421C2F20001086801300860FE
:104300000198C06A45F2C821C2F2000109688842DA
:1043100008D9FFE70198C06A45F2C821C2F200013E
:104320000860FFE70199C86A00EB800240F25C1068
:10433000C2F2000000EB8200043101F04FFD01F0F9
:1043400097FD45F29030C2F200000068C8B1FFE767
:1043500040F24810C2F200000068C06A0199C96AC0
:1043600088420CD2FFE74EF60451CEF200014FF026
:1043700080500860BFF34F8FBFF36F8F00E0FFE7FF
:1043800000E0FFE702B080BD80B582B001F044FDDF
:1043900045F2B030C2F200000068B0BBFFE745F262
:1043A000D820C2F20000009001F0C2FC45F2EC20DF
:1043B000C2F20000019001F0BBFC0099019840F2AC
:1043C0004C12C2F20002116040F25811C2F2000118
:1043D00008600A201021002202F026FE014645F264
:1043E000B030C2F200000160006860B1FFE745F242
:1043F000B030C2F20000006849F26E21C0F6000140
:1044000001F0D2FD00E0FFE700E0FFE701F030FD42
:1044100002B080BD7047000080B582B0019000916D
:104420000198006CB8B1FFE70199C8680A6C1044A4
:10443000C86001988168C068884204D3FFE7019989
:104440000868C86000E0FFE70098019AD168126C24
:10445000FBF78AFFFFE702B080BD000080B586B0A1
:10446000059004910392002002900598806B0190C2
:104470000598006C78B9FFE70598006848B9FFE730
:104480000598806803F030FC029005990020886050
:1044900000E0FFE741E00398B8B9FFE7059A049907
:1044A0005068126CFBF760FF059948680A6C10446D
:1044B0004860059948688968884204D3FFE70599F0
:1044C0000868486000E0FFE726E0059A0499D06894
:1044D000126CFBF749FF0599C8680A6C801AC8601E
:1044E00005980168C068884206D2FFE70599886888
:1044F0000A6C801AC86000E0FFE70398022809D11F
:10450000FFE7019820B1FFE701980138019000E032
:10451000FFE700E0FFE7FFE7FFE7019801300599BB
:104520008863029806B080BD82B001900198406A0D
:1045300038B1FFE70198006B0068C0F110000090EF
:1045400002E000200090FFE7009802B070470000F2
:1045500082B0019040F24C10C2F200000068006886
:10456000B0FA80F04009019908600198006848B9E4
:10457000FFE740F24C10C2F200000068C06800681B
:10458000009002E000200090FFE7009802B0704722
:1045900080B582B00190FFE7FFF73CFF40F25C106E
:1045A000C2F20000006802280CD3FFE74EF6045167
:1045B000CEF200014FF080500860BFF34F8FBFF381
:1045C0006F8F00E0FFE701F05FFBE5E780B584B0A7
:1045D000DDF818C00390029101928DF80330029823
:1045E00018B9FFE70698006003E001980699086093
:1045F000FFE703980699C86302980699086406982D
:10460000012102F077FD04B080BD000080B588B0C4
:10461000DDF834C0DDF830C0DDF82CC0DDF828C08E
:1046200006900591049203930C98006B04998900FD
:10463000A522FBF7DEFE0C98006B049900EB8100CD
:1046400004380290029820F0070002909DF80800BC
:10465000400758B1FFE74FF0500080F31188BFF3D7
:104660006F8FBFF34F8F0790FFE7FEE70598F8B114
:10467000FFE700200190FFE701980F2813D8FFE71C
:104680000598019A805C0C99114481F834000598D2
:104690000199405C08B9FFE705E0FFE7FFE70198F3
:1046A00001300190E8E70C99002081F8430004E014
:1046B0000C99002081F83400FFE70A98102803D3F2
:1046C000FFE70F200A9000E0FFE70A980C99C86204
:1046D0000A980C9948640C99002088640C9804305E
:1046E00001F03EFB0C98183001F03AFB0C98006189
:1046F0000A98C0F110000C9988610C9840620298E9
:104700000699039A00F0F0FB0C9908600B9820B111
:10471000FFE70C980B99086000E0FFE708B080BD48
:1047200080B584B000200390FFE703980F2810D8CD
:10473000FFE7039800EB800140F25C10C2F200003A
:1047400000EB810001F0F4FAFFE7039801300390D9
:10475000EBE745F20030C2F20000019001F0E8FA08
:1047600045F21430C2F20000029001F0E1FA45F285
:104770003C30C2F2000001F0DBFA45F29830C2F2A0
:10478000000001F0D5FA0199029840F25012C2F2ED
:104790000002116040F25411C2F20001086004B03E
:1047A00080BD000080B586B005900491039202930D
:1047B00000200190049805994860059800610498CC
:1047C0000399884216D8FFE703980299401A059981
:1047D0008969884203D3FFE70120019009E040F294
:1047E0005810C2F2000000680599043101F0C0FAC7
:1047F000FFE717E003980299884208D2FFE7049880
:104800000299884203D3FFE70120019009E040F2BA
:104810004C10C2F2000000680599043101F0A8FABA
:10482000FFE7FFE7019806B080BD000080B582B0C9
:10483000019001F0F1FA0198806B18B9FFE70120AF
:10484000009002E000200090FFE701F011FB0098CB
:1048500002B080BD80B582B0019001F0DDFA019810
:10486000806B0199C96B884203D1FFE7012000905A
:1048700002E000200090FFE701F0FAFA009802B091
:1048800080BD000006480068006880F3088862B6B2
:1048900061B6BFF34F8FBFF36F8F00DF00BF000023
:1048A00008ED00E080B586B00490039140F24C1012
:1048B000C2F200000068C068C0680190019804302E
:1048C00001F0B8F9019890F824004007002823D59A
:1048D000FFE70198049B81691944039AFFF762FF7F
:1048E000C0B1FFE70198049A694600230B6019469E
:1048F00003F05AFC0290029858B9FFE74FF05000BD
:1049000080F31188BFF36F8FBFF34F8F0590FFE7E0
:10491000FEE700E0FFE707E0019991F8240000F0CE
:10492000FE0081F82400FFE70198016A884706B07D
:1049300080BD000080B58EB0FFE745F2B030C2F216
:104940000000006807A9002202F0FEFD002800F028
:10495000B880FFE70798B0F1FF3F17DCFFE707A833
:1049600004300290029858B9FFE74FF0500080F3EE
:104970001188BFF36F8FBFF34F8F0D90FFE7FEE7F6
:1049800002990A6848688968904700E0FFE707983D
:10499000002800F19580FFE7099806900698406985
:1049A00028B1FFE70698043001F044F900E0FFE782
:1049B00005A800F0F5F8039007980190092800F287
:1049C0007D800199DFE801F00505053D4566050597
:1049D0003D45069991F8240040F0010081F824003B
:1049E0000698089B81691944039AFFF7DBFE30B3F0
:1049F000FFE70698016A8847069890F82400400768
:104A000000281AD5FFE70698089982690A44694682
:104A100000230B60194603F0C7FB0490049858B9B3
:104A2000FFE74FF0500080F31188BFF36F8FBFF3A3
:104A30004F8F0C90FFE7FEE700E0FFE700E0FFE7A5
:104A40003DE0069991F8240000F0FE0081F8240072
:104A500035E0069991F8240040F0010081F8240027
:104A60000898069988610698806958B9FFE74FF061
:104A7000500080F31188BFF36F8FBFF34F8F0B90FF
:104A8000FFE7FEE70698039B816919441A46FFF782
:104A900089FE14E0069890F824008007002804D4CA
:104AA000FFE7069801F00AFA07E0069991F824005A
:104AB00000F0FE0081F82400FFE700E0FFE7FFE7D9
:104AC0003BE70EB080BD000080B584B0039002913A
:104AD00001F05CFC684600F063F801900098D8BBD8
:104AE000FFE7029860B9FFE703980199884207D869
:104AF000FFE703F05FFA03980199FFF7D3FE2AE07E
:104B0000029858B1FFE740F25810C2F20000006866
:104B10000068B0FA80F040090290FFE745F2B0303B
:104B2000C2F2000000680399019A891A029A01F002
:104B300065FA03F03FFA60B9FFE74EF60451CEF292
:104B400000014FF080500860BFF34F8FBFF36F8FAD
:104B500000E0FFE7FFE702E003F02CFAFFE704B014
:104B600080BD000040F25010C2F2000000680068F2
:104B700040B9FFE745F23031C2F200014FF0FF309B
:104B800008600CE040F25010C2F200000068C068FB
:104B9000006845F23031C2F200010860FFE770475B
:104BA00080B582B0019002F0A5FF0090009840F21D
:104BB0004011C2F200010968884206D2FFE700F006
:104BC00011F801990120086003E0019900200860B4
:104BD000FFE7009840F24011C2F20001086000981F
:104BE00002B080BD80B588B0FFE740F24C10C2F241
:104BF00000000068006800284ED0FFE740F24C102B
:104C0000C2F200000168C968096806910068C068BE
:104C1000C06803900398043001F00CF80398016A0F
:104C20008847039890F824004007002832D5FFE712
:104C30000698039989690844059005980699884261
:104C40000FD9FFE70598039948600398006140F287
:104C50004C10C2F2000000680399043101F088F89A
:104C600017E00398069A694600230B60194603F083
:104C70009BFA0290029858B9FFE74FF0500080F37A
:104C80001188BFF36F8FBFF34F8F0790FFE7FEE7E9
:104C9000FFE700E0FFE7A8E740F24C12C2F2000293
:104CA0001068049040F25811C2F2000108681060C8
:104CB0000498086008B080BD83B00020009040F2E6
:104CC0004000C2F200000068013058B1FFE74FF029
:104CD000500080F31188BFF36F8FBFF34F8F0290A6
:104CE000FFE7FEE74FF0500080F31188BFF36F8FAE
:104CF000BFF34F8F0190FFE7009808B9FFE7FBE78C
:104D000003B0704780B584B00390FFE701A8FFF7B8
:104D10001FFC029002980199FFF7D6FEFFF70AFEEA
:104D2000F4E7000080B582B0019001F075F80198B9
:104D300090F845008DF80300FFE79DF90300012876
:104D400016DBFFE70198406A58B1FFE7019824306D
:104D500003F0C8F818B1FFE701F0CCF900E0FFE775
:104D600000E005E09DF8030001388DF80300E4E75A
:104D70000199FF2081F8450001F07AF801F04CF824
:104D8000019890F844008DF80200FFE79DF90200B9
:104D9000012816DBFFE70198006980B1FFE7019861
:104DA000103003F09FF818B1FFE701F0A3F900E01D
:104DB000FFE79DF8020001388DF8020000E000E0F6
:104DC000E4E70199FF2081F8440001F051F802B0B6
:104DD00080BD000080B582B00190002000909DF859
:104DE0000400400788B1FFE7019921F0070008306F
:104DF000884206D9FFE7019820F0070008300190AB
:104E000002E000200190FFE7FFE701F0BFFA40F267
:104E10004410C2F20000006868B9FFE740F2B42015
:104E2000C2F20000083020F0070040F24411C2F244
:104E300000010860FFE7019838B3FFE745F22C3026
:104E4000C2F2000000680199084444F6F7718842F4
:104E50001BD8FFE745F22C30C2F200000168019830
:104E60000844884211D9FFE740F24410C2F2000022
:104E7000006845F22C31C2F200010A68104400902B
:104E8000019A086810440860FFE703F093F800985F
:104E900002B080BD40F24810C2F20000006848B184
:104EA000FFE740F24810C2F200000168886C013050
:104EB0008864FFE740F24810C2F2000000687047C3
:104EC00081B08DF803009DF8032047F20001C4F281
:104ED0000001086802F0070220F0E00040EA4210FA
:104EE000086001B07047000083B002900191009209
:104EF00002980438029002994FF08070086002987E
:104F000004380290019820F001000299086002988C
:104F100004380290029944F6B940C0F600000860D7
:104F2000029814380290009802990860029820387C
:104F30000290029803B0704780B584B08DF80F00DE
:104F400000208DF80E0040F20010C2F20000006850
:104F500045F60001C4F20001884215D1FFE79DF833
:104F60000F306A4605209060012151600DF10E005E
:104F7000106040F20010C2F200005A22FEF7ACFAB4
:104F800008B1FFE7FFE7FFE79DF80E0004B080BD22
:104F900080B58AB00990002008900790FFE7079835
:104FA00004283ED8FFE7079800EB400140F20000DC
:104FB000C2F2000050F82100099988422CD1FFE785
:104FC000079800EB400140F20000C2F2000000EB45
:104FD00081008068F8B1FFE70020069005900490FA
:104FE00003900290079901EB410240F20001C2F2E6
:104FF000000101EB82018860079802A90191FCF78A
:1050000055F9019849F2E801C0F60001896849683C
:1050100088470890FFE704E0FFE707980130079012
:10502000BDE708980AB080BD80B58EB000200D9015
:105030000C90FFE70C98042827D8FFE70C9800EBAA
:10504000400140F20000C2F2000000EB81008068E5
:10505000012815D1FFE700200B900A9009900890D5
:1050600007900C9807A90191FCF720F9019849F2E3
:10507000E801C0F600018968496888470D90FFE79C
:10508000FFE70C9801300C90D4E70D98A8B9FFE722
:10509000002006900590049003900290052002A93C
:1050A0000091FCF703F9009849F2E801C0F600010D
:1050B0008968496888470D90FFE70D980EB080BD5C
:1050C00080B58AB009900891002007900690FFE70C
:1050D0000698042855D8FFE7069800EB400140F2F7
:1050E0000000C2F2000050F821000999884243D123
:1050F000FFE7069800EB400140F20000C2F200001A
:1051000000EB81004068089988420DD1FFE70698BE
:1051100000EB400140F20000C2F2000000EB810011
:105120008068012827D0FFE70020059004900390B5
:10513000029001900899069800EB400240F20000AE
:10514000C2F2000000EB82025160069901EB4101BE
:1051500000EB810101208860069801A90091FCF70D
:10516000A5F8009849F2E801C0F60001896849688D
:1051700088470790FFE704E0FFE7069801300690B4
:10518000A6E707980AB080BD81B000900099002082
:10519000087000994870009988700099C87000994B
:1051A0000871009948710099887100990120C871AF
:1051B00001B0704782B001908DF803109DF8032074
:1051C0000199086802F0010220F0400040EA8210D4
:1051D000086002B07047000082B00190ADF8021084
:1051E000BDF802000199C86002B0704783B0029018
:1051F000019100208DF8030002988068019908420F
:1052000004D1FFE700208DF8030003E001208DF8B2
:105210000300FFE79DF8030003B0704782B00190E0
:1052200000910199C86920F40060C8610098007875
:1052300080B9FFE70199086820F4004008600199EF
:10524000086820F4804008600199086820F48060B4
:10525000086041E000980078012810D1FFE701992B
:10526000086820F4004008600199086820F4804034
:1052700008600199086840F4806008602BE000989D
:105280000078022810D1FFE70199086840F4004037
:1052900008600199086820F4804008600199086856
:1052A00020F48060086015E000980078032810D191
:1052B000FFE70199086840F4004008600199086818
:1052C00040F4804008600199086820F4806008601C
:1052D000FFE7FFE7FFE7FFE70098C2790199086859
:1052E00002F0010220F4007040EA422008600098B9
:1052F000407801280BD1FFE70098C079012806D13A
:10530000FFE70199086840F48070086005E00199A2
:10531000086820F480700860FFE7009842780199DF
:10532000086802F0010220F0040040EA82000860F0
:1053300000988078082811DBFFE70199486840F45D
:10534000807048600098807800F007020199086832
:1053500020F0380040EAC200086010E00199486877
:1053600020F480704860009882780199086802F003
:10537000070220F0380040EAC2000860FFE700980A
:10538000C2780199086802F0010220F0800040EA2A
:10539000C2100860009802790199086802F00102C1
:1053A00020F4006040EAC220086000984279019928
:1053B000086802F0010220F0020040EA42000860A2
:1053C000009882790199086862F30000086002B0D1
:1053D0007047000080B58CB0002000900B900A90C0
:1053E0000990089007900690059004900390FDF7AF
:1053F000E3F98DF80B009DF80B000146019140B1D7
:10540000FFE7019801282BD0FFE70198022831D04F
:10541000D6E041F25400C4F202000068400AC0071E
:1054200098B1FFE741F23000C4F202000068400E7C
:10543000C00750B1FFE740F23C01C2F2000146F65E
:105440000040C0F2DC20086009E040F23C01C2F2FA
:10545000000141F20020C0F27A000860FFE7B9E0E5
:1054600040F23C01C2F2000142F20040C0F2F400FE
:105470000860AFE041F20400C4F202000068C0F32B
:105480000040099041F22C00C4F2020001680020A3
:10549000B0EBD17F50D1FFE741F20400C4F202002B
:1054A0000168C1F383410B910068C0F341700A9019
:1054B0000A9820B9FFE70B980F2807D1FFE70A9950
:1054C0000B9800EB011001300B9003E00B980230B9
:1054D0000B90FFE7099860B9FFE70B9840F60011C1
:1054E000C0F23D01484340F23C01C2F200010860B5
:1054F00021E041F20400C4F202000068400CC00741
:1055000060B1FFE70B9841F20021C0F27A014843F5
:1055100040F23C01C2F2000108600BE00B9842F23D
:105520000041C0F2F401484340F23C01C2F20001E4
:105530000860FFE7FFE742E041F22C00C4F20200FE
:105540000168C1F3031105910168C1F308210491B9
:10555000006800F007000390099830B9FFE740F6B3
:105560000010C0F23D00069015E041F20400C4F2C4
:1055700002000068400CC00730B1FFE741F2002094
:10558000C0F27A00069005E042F20040C0F2F4005A
:105590000690FFE7FFE706980499A0FB0101059A32
:1055A000DDF80CC0012303FA0CF35A430023FAF789
:1055B00063FE40F23C01C2F200010860FFE709E02F
:1055C00040F23C01C2F2000141F20020C0F27A0038
:1055D0000860FFE741F20400C4F202000068C0F373
:1055E00003100890089949F27B20C0F60000405C47
:1055F000079040F23C01C2F200010868079AD040CF
:1056000008600CB080BD000081B08DF803009DF8EB
:105610000300042809D1FFE74EF21001CEF2000189
:10562000086840F00400086008E04EF21001CEF275
:105630000001086820F004000860FFE701B070472F
:1056400083B002900191009201980299C86200987B
:10565000029988620299486940F00100486103B0EC
:105660007047000082B001908DF803109DF8032070
:105670000199086802F0030220F4407040EA022019
:10568000086002B07047000082B001908DF80310EE
:105690009DF803200199086802F0070220F07000CD
:1056A00040EA0210086002B07047000082B001902A
:1056B0008DF803109DF803200199086862F300003B
:1056C000086002B07047000082B001908DF80310AE
:1056D0008DF802208DF801309DF80320019988682B
:1056E00062F3020088600199086A20F001000862F4
:1056F0000199086A20F0100008629DF8020000F08D
:1057000001020199086A20F0020040EA42000862A2
:105710009DF802200199086A520862F3C3000862EA
:1057200001998869012262F3010088619DF80100F6
:1057300000F001030199086A20F0200040EA4310BC
:1057400008629DF801300199086A5B0863F3C7108D
:1057500008620199886962F30920886102B0704784
:1057600084B0039002918DF807200020ADF804006A
:1057700002980078ADF80400BDF8040001460091DD
:10578000062800F2FF800099DFE811F00700FC0016
:105790004500FC008700FC00C5000399086A20F062
:1057A00001000862029842780399086A02F0010237
:1057B00020F0020040EA420008620298407800F0BF
:1057C00002020399086A20F0080040EA8200086299
:1057D000029882780399886962F3010088610298CF
:1057E000C2780399886902F00F0220F0F00040EAC5
:1057F000021088619DF807200399886902F003026E
:1058000020F00C0040EA820088610399086A40F0A9
:1058100001000862B7E00399086A20F010000862EE
:10582000029842780399086A02F0010220F02000F1
:1058300040EA421008620298407800F002020399A0
:10584000086A20F0800040EA82100862029882789C
:105850000399886902F0030220F4407040EA0220B4
:1058600088610298C2780399886902F00F0220F4D7
:10587000704040EA023088619DF8072003998869EA
:1058800002F0030220F4406040EA8220886103991C
:10589000086A40F01000086275E00399086A20F475
:1058A00080700862029842780399086A02F0010247
:1058B00020F4007040EA422008620298407800F02C
:1058C00002020399086A20F4006040EA822008621C
:1058D000029882780399C86962F30100C86102984E
:1058E000C2780399C86902F00F0220F0F00040EA84
:1058F0000210C8619DF807200399C86902F00302ED
:1059000020F00C0040EA8200C8610399086A40F464
:105910008070086237E00399086A20F480500862BA
:10592000029842780399086A02F0010220F40050BC
:1059300040EA42300862029882780399C86902F00E
:10594000030220F4407040EA0220C8610298C27845
:105950000399C86902F00F0220F4704040EA023057
:10596000C8619DF807200399C86902F0030220F47A
:10597000406040EA8220C8610399086A40F4805080
:10598000086200E0FFE704B07047000082B00190B9
:105990008DF803109DF803200199086802F00102B8
:1059A00020F0800040EAC210086002B0704700009A
:1059B00082B001908DF803109DF80320019948688A
:1059C00002F0070220F0700040EA0210486002B0C6
:1059D0007047000082B001908DF803109DF80320FD
:1059E0000199886802F0010220F0800040EAC210AC
:1059F000886002B07047000082B001908DF80310FB
:105A00009DF803200199C86802F0010220F40050BB
:105A100040EA4230C86002B07047000082B0019096
:105A20008DF803109DF8030058B9FFE70199486904
:105A300020F4807048610199486920F40070486141
:105A400032E09DF8030001280BD1FFE70199486976
:105A500040F4807048610199486920F40070486101
:105A600021E09DF8030002280BD1FFE70199486966
:105A700020F4807048610199486940F400704861E1
:105A800010E09DF8030003280BD1FFE70199486956
:105A900040F4807048610199486940F400704861A1
:105AA000FFE7FFE7FFE7FFE702B0704780B58AB086
:105AB000099008918DF81F208DF81E3002A8FCF780
:105AC00063FB099843F60001C4F20101884203D147
:105AD000FFE70498019002E005980190FFE7019824
:105AE00000EB800040000899B0FBF1F000900098B6
:105AF0004CF6CD41CCF6CC41A0FB0121C90801EB0D
:105B00008101A0EB410004280AD8FFE700984CF679
:105B1000CD41CCF6CC41A0FB0110C00800900BE0B9
:105B200000984CF6CD41CCF6CC41A0FB0101012000
:105B300000EBD1000090FFE7BDF8002009998868CC
:105B40004FF6FF739843104488609DF81F20099911
:105B5000C86802F0010220F4805040EA0230C860B8
:105B60009DF81E200999086902F0030220F44050B4
:105B700040EA023008610AB080BD000082B00190A6
:105B80008DF803109DF8030058B9FFE70199C86824
:105B900020F40070C8600199C86820F48060C86073
:105BA00021E09DF8030001280BD1FFE70199C868A7
:105BB00020F40070C8600199C86840F48060C86033
:105BC00010E09DF8030002280BD1FFE70199C86897
:105BD00040F40070C8600199C86840F48060C860F3
:105BE000FFE7FFE7FFE702B07047000082B00190D7
:105BF0008DF803109DF803200199C86802F0010296
:105C000020F0040040EA8200C86002B07047000043
:105C100082B001908DF803109DF803200199C868A7
:105C200002F0010220F0080040EAC200C86002B0A1
:105C30007047000082B001900198006900900198BF
:105C40004168806888600199486889684860009860
:105C500040680199884205D1FFE701988068009962
:105C6000486000E0FFE7019900200861009908689A
:105C7000013808600098006802B0704745F2BC2007
:105C8000C2F200000068704780B582B045F2D021B2
:105C9000C2F2000108680130086045F2CC20C2F26F
:105CA00000000068FA30019001F024FF01460198DD
:105CB000884239D2FFE701F01DFF45F2CC21C2F244
:105CC0000001086045F2D020C2F20000006845F2F1
:105CD000D421C2F20001096888420BD9FFE745F2DE
:105CE000D020C2F20000006845F2D421C2F20001C7
:105CF0000860FFE745F2D420C2F20000026845F2D6
:105D0000D021C2F200010868101A42F21073584301
:105D1000B0FBF2F040F2D002C2F20002D0610020EB
:105D2000086000F09FFBFFE702B080BD70470000F5
:105D300081B00090009901F10800486000994FF08F
:105D4000FF308860009901F10800C860009901F1F6
:105D50000800086100990020086001B07047000049
:105D600081B0009000990020086101B070470000E8
:105D700084B003900291029800680090009801306E
:105D800020B9FFE703980069019010E003980830FC
:105D90000190FFE70198406800680099884205D8A3
:105DA000FFE7FFE7019840680190F3E7FFE70198FC
:105DB0004068029948600298416888600198029999
:105DC00088600298019948600398029908610399D4
:105DD00008680130086004B07047000083B002908A
:105DE00001910298406800900098019948600098DD
:105DF00080680199886001980099896848600198D5
:105E00000099886002980199086102990868013038
:105E1000086003B07047000082B04FF0500080F37C
:105E20001188BFF36F8FBFF34F8F019040F2400096
:105E3000C2F200000168013101600068012814D13C
:105E4000FFE74EF60450CEF200000068000658B19D
:105E5000FFE74FF0500080F31188BFF36F8FBFF35F
:105E60004F8F0090FFE7FEE7FFE702B070470000AA
:105E700082B040F24000C2F20000006858B9FFE76B
:105E80004FF0500080F31188BFF36F8FBFF34F8F37
:105E90000090FFE7FEE740F24000C2F20000016818
:105EA00001390160006830B9FFE7002001900198D6
:105EB00080F31188FFE702B07047000082B00090C5
:105EC000009858B1FFE74FF0500080F31188BFF3FE
:105ED0006F8FBFF34F8F0190FFE7FEE702B070476F
:105EE0004EF21001CEF20001002008604EF21802BE
:105EF000CEF20002106040F23C00C2F200000068E6
:105F000044F6D352C1F26202A0FB02024FF0FF300E
:105F100000EB92104EF21402CEF200021060072045
:105F20000860704784B0EFF3058001900198102855
:105F30001ED3FFE701984EF2F031CEF20001405C33
:105F40008DF803009DF8030045F2B421C2F2000170
:105F5000097888420BDAFFE74FF0500080F3118890
:105F6000BFF36F8FBFF34F8F0390FFE7FEE7FFE7AD
:105F70004EF60C50CEF20000006800F4E06045F2EE
:105F8000B821C2F20001096888420BD9FFE74FF03F
:105F9000500080F31188BFF36F8FBFF34F8F0290D3
:105FA000FFE7FEE704B0704783B002900191002044
:105FB0000090FFE7009807281DD8FFE7009945F2F9
:105FC0005030C2F2000050F8310070B9FFE701987C
:105FD000009A45F25031C2F2000141F832000298B5
:105FE000009A01EBC201486005E0FFE7FFE7009877
:105FF00001300090DEE703B07047000080B584B048
:1060000003900291019203980090FFF705FF00981A
:1060100090F94400013028B9FFE70099002081F889
:106020004400FFE7009890F94500013028B9FFE7E8
:106030000099002081F84500FFE7FFF719FF00985D
:10604000806B38B9FFE7009824300299019A00F07C
:106050007BF800E0FFE70098FEF764FE04B080BD27
:1060600080B584B00290002001900298E0B1FFE773
:1060700045F2C020C2F20000006858B1FFE74FF0BF
:10608000500080F31188BFF36F8FBFF34F8F0390E1
:10609000FFE7FEE700F07AF902980021FEF77CF8AE
:1060A00001F088FF019000E0FFE7019860B9FFE789
:1060B0004EF60451CEF200014FF080500860BFF35D
:1060C0004F8FBFF36F8F00E0FFE704B080BD00008B
:1060D00081B0009045F23430C2F2000000680099AF
:1060E000086045F2AC30C2F20000006800994860D8
:1060F00001B0704745F2B831C2F2000101200860DA
:106100007047000080B584B002900191029858B9A0
:10611000FFE74FF0500080F31188BFF36F8FBFF39C
:106120004F8F0390FFE7FEE7029840F24811C2F25A
:10613000000109681831FFF71BFE01980121FEF7E5
:106140002BF804B080BD000080B584B002900191AE
:106150000092029858B9FFE74FF0500080F3118881
:10616000BFF36F8FBFF34F8F0390FFE7FEE70298F7
:1061700040F24811C2F2000109681831FFF72EFE03
:10618000009820B1FFE74FF0FF300190FFE7019842
:106190000099FEF701F804B080BD000080B588B01A
:1061A000059004910598039001200090059800281F
:1061B00000F08B80FFE70398806C58B9FFE74FF041
:1061C000500080F31188BFF36F8FBFF34F8F07909C
:1061D000FFE7FEE70398406C0499884203D2FFE78B
:1061E0000498019003E00398406C0190FFE7039846
:1061F000C06A0199884266D0FFE70398806C012845
:106200005FD1FFE7039840F24811C2F2000109682C
:1062100088420BD1FFE74FF0500080F31188BFF3A5
:106220006F8FBFF34F8F0690FFE7FEE70398C06ABA
:10623000029001980399C8620398C07E0006002866
:1062400006D4FFE70198C0F110000399886100E0CF
:10625000FFE703984069029901EB810240F25C116B
:10626000C2F2000101EB8201884228D1FFE70398C6
:106270000430FFF7DFFC08B9FFE700E0FFE7039811
:10628000C06A45F2C821C2F200010968884208D9F3
:10629000FFE70398C06A45F2C821C2F20001086016
:1062A000FFE70399C86A00EB800240F25C10C2F27B
:1062B000000000EB82000431FFF790FD00E0FFE7F3
:1062C00000E0FFE700E0FFE700E0FFE708B080BD87
:1062D00080B586B045F22831C2F2000168464160BF
:1062E0000023036044F29150C0F6000049F2692196
:1062F000C0F60001802201F095FB0390039801286D
:1063000004D1FFE701F01AFF039000E0FFE70398D4
:10631000012823D1FFE74FF0500080F31188BFF32D
:106320006F8FBFF34F8F059045F23031C2F20001FD
:106330004FF0FF30086045F29031C2F200010120B9
:10634000086045F2AC31C2F200010020086000F0A4
:10635000D9FD08B1FFE700E0FFE70FE00398013047
:1063600058B9FFE74FF0500080F31188BFF36F8FEB
:10637000BFF34F8F0490FFE7FEE7FFE749F28C2061
:10638000C0F60000006806B080BD000045F2C021E4
:10639000C2F20001086801300860704783B045F21E
:1063A000C020C2F20000006838B1FFE745F2B83102
:1063B000C2F200010120086051E045F2B831C2F29A
:1063C00000010020086045F2C820C2F20000006809
:1063D0000190FFE7019800EB800140F25C10C2F2EF
:1063E000000050F8210090B9FFE7019858B9FFE785
:1063F0004FF0500080F31188BFF36F8FBFF34F8FC2
:106400000290FFE7FEE7019801380190E2E701986A
:1064100000EB800140F25C10C2F2000000EB810052
:1064200000900099486840684860009948680831C1
:10643000884205D1FFE70099486840684860FFE757
:1064400000984068C06840F24811C2F2000108603C
:10645000019845F2C821C2F200010860FFE703B0CD
:106460007047000043F20001C4F200014AF6AA207E
:106470000860704781B08DF803009DF8032043F257
:106480000401C4F20001086862F30200086001B070
:106490007047000081B08DF803009DF8030038B903
:1064A000FFE743F20001C4F200010020086007E0AA
:1064B00043F20001C4F2000145F255500860FFE7C5
:1064C00001B0704781B0ADF80200BDF8020043F2A0
:1064D0000801C4F20001086001B0704780B58AB0BD
:1064E00008A80090FCF7E2FB0099032002908DF8C9
:1064F000260001200590089040F60000C4F201003B
:10650000FCF7E8FB0598FBF779FD0598FAF752FCD4
:1065100007A80190FAF7A0FA01990298059A8DF858
:106520001C20002204928DF81D208DF81E208DF86D
:106530001F0042F20040C4F201000690FAF75AFA36
:106540000499059A069807230393FAF711FB039B16
:10655000069810210222FAF70BFB029A039B069879
:106560001121FAF705FB0399059A0698FAF7B2FB91
:1065700004990698FAF7E8FB05990698FAF7D8FA0D
:1065800005990698FAF7E6FA0698FAF795FAFFE7FA
:1065900042F20040C4F20100FAF798FA08B1FFE7AE
:1065A000F6E742F20040C4F20100FAF7A3FAFFE76F
:1065B00042F20040C4F20100FAF7A6FA08B1FFE780
:1065C000F6E70AB080BD000080B592B010A8039035
:1065D000FCF76CFB0399022006908DF84700002021
:1065E00005908DF8440008208DF846004FF40070A7
:1065F0001090042001908DF8450040F60040C4F250
:1066000001000290FCF766FB019A02980399059B32
:106610004FF0010CCDF820C08DF847C08DF8443004
:106620008DF846304FF4807310938DF84520FCF7B9
:1066300051FB089940F20240C2F60040FCF706FC0C
:106640000DF139000490FAF7D7FF04990598089ADC
:106650008DF839008DF83A008DF83B208DF83C20FC
:106660008DF83D008DF83E008DF83F0046F2004069
:10667000C4F200000790FAF777FE059907981222F6
:10668000ADF832208DF8341005228DF835208DF8C4
:1066900036100DF13201FAF721FF0599089A079893
:1066A0008DF824208DF827108DF826108DF82810ED
:1066B0008DF82510ADF82A10ADF82C10ADF82E107D
:1066C000ADF8301009A9FAF7ABFF06990798089AB8
:1066D000FBF7A4F90798089A1021FBF79FF9079890
:1066E000089A4FF40061FBF799F912B080BD0000E1
:1066F00080B588B00820C4F202000090FCF790F941
:1067000003A80190FCF780F8009801990023ADF8E8
:106710001430012202928DF81B208DF819208DF87B
:106720001A208DF818308DF81D308DF81C20FCF7DC
:1067300017F9029A0020C4F202001146FCF77EF815
:1067400008B080BD84B0039002910192ADF8023090
:10675000BDF8020003994860029803998860019887
:106760000399C86004B0704780B5FFF755FBFCF78C
:1067700071FAFFF77DFBFFF7ABFD80BD10B58EB062
:106780000CA80A90FCF792FA0A9900200B908DF859
:1067900036001C200C90042008908DF8350040F63F
:1067A0000000C4F201000390FCF794FA0B9A0898D9
:1067B0000A998DF8362060220C928DF8350040F64B
:1067C0000040C4F201000590FCF784FA41F2000099
:1067D000C4F2010001904FF400510091FCF752FA0D
:1067E000039840F622010291FCF74CFA059844F216
:1067F00086010491FCF746FA41F60040C4F201001C
:106800000990C0210791FCF73DFA009B0198DDF843
:106810002CC0089A0A9902248DF837408DF834C0AC
:106820004FF0100CCDF818C08DF836C00C938DF8D1
:106830003520FCF74FFA029B0398DDF818C0089A40
:106840000A99DDF82CE08DF837408DF834E08DF8AA
:1068500036C00C938DF83520FCF73CFA049B059864
:10686000DDF818C0089A0A99DDF82CE08DF8374059
:106870008DF834E08DF836C00C938DF83520FCF798
:1068800029FADDF818C0079B089A09980A99DDF8DB
:106890002CE08DF837408DF834E08DF836C00C933D
:1068A0008DF83520FCF716FA0EB010BD80B58AB011
:1068B00008A80490FCF7FAF90499042000908DF8D8
:1068C00024008DF82500082001908DF82600022074
:1068D00002908DF827004FF48060089040F6004049
:1068E000C4F201000390FCF7F5F9DDF800C0019B4C
:1068F000029A039804998DF824C08DF825C08DF86C
:1069000026308DF827204FF400620892FCF7E2F958
:1069100045F60000C4F2000006900021059148F2FF
:10692000A062C0F20102FCF7BFFB059A069811466F
:10693000FDF70CF8069801210791FCF70BFB069870
:106940000799FCF719FB05990698FCF79BFB06983D
:106950000799FCF735FB0AB080BD000080B584B014
:106960000320FDF70FFCF9F7D3FF00220392114635
:10697000F9F798FE01466FF00B00F9F7D9FFF9F728
:10698000C7FF039A1146F9F78DFE01466FF00A0022
:10699000F9F7CEFFF9F7BCFF039A1146F9F782FE2B
:1069A00001466FF00900F9F7C3FFF9F7B1FF039A49
:1069B0001146F9F777FE01466FF00400F9F7B8FFCA
:1069C000F9F7A6FF039A1146F9F76CFE01466FF03E
:1069D0000300F9F7ADFFF9F79BFF039A0F2101912F
:1069E000F9F760FE01466FF00100F9F7A1FFF9F732
:1069F0008FFF0199039AF9F755FE01464FF0FF30DA
:106A0000F9F796FF039A0B2005210291FDF7A0FBF1
:106A10000299039A1420FDF79BFB0299039A152013
:106A2000FDF796FB0299039A1620FDF791FB029958
:106A3000039A1D20FDF78CFB0299039A2520FDF790
:106A400087FB04B080BD000080B582B04FF4A01079
:106A500001210191FBF722FD01994FF4C010FBF7D2
:106A60001DFD01990220C0F21800FBF717FD0199E6
:106A70000320C0F21800FBF711FD01990420C0F2B9
:106A80001800FBF70BFD01990520C0F21800FBF779
:106A900005FD01990720C0F21800FBF7FFFC0199E2
:106AA0000920C0F21800FBF7F9FC01990E20C0F292
:106AB0001800FBF7F3FC01990120C0F21C00FBF762
:106AC000EDFC01990E20C0F21C00FBF7E7FC0199D8
:106AD0001620C0F21C00FBF7E1FC01991920C0F25E
:106AE0001C00FBF7DBFC02B080BD000080B58EB05F
:106AF0000CA80490FCF7DAF80AA80790FEF744FB0C
:106B00000499022005908DF83700002006908DF83A
:106B10003400082001908DF836004FF400500C909E
:106B2000042002908DF8350040F60040C4F20100C8
:106B30000390FCF7CFF8019B029A03980499DDF8C3
:106B400018C0DDF814E08DF837E08DF834C08DF80A
:106B500036304FF400430C938DF83520FCF7BAF82B
:106B6000069A07998DF82820012009908DF82900B0
:106B70008DF82C208DF82B2003238DF82A308DF8EA
:106B80002D208DF82E208DF82F0043F60000C4F242
:106B900000000890FEF742FB08980999FEF70AFBEF
:106BA0000EB080BD80B582B0FBF794FD42F20001CB
:106BB000C4F202011420086004200121FBF790FABE
:106BC000FFE70120C0F22400FBF716FC012801D0EA
:106BD000FFE7F6E701210846FBF782FAFFE7FBF73C
:106BE0002BFC08B9FFE7FAE700200121FBF778FA50
:106BF000FFE70120FBF700FC012801D0FFE7F8E7E1
:106C0000022001901121FBF773FC01980121FBF791
:106C100067FAFFE71920FBF7EFFB012801D0FFE738
:106C2000F8E70020FBF704FA04200090FBF728FAAD
:106C30000098FBF711FA0120FBF736FA0220FBF768
:106C400097FDFFE7FBF7B8FD022801D0FFE7F9E762
:106C50000020FBF729FAFEF7BDFB02B080BD000063
:106C600080B500F001F880BD40F2AC21C2F2000115
:106C7000086801300860704780B588B00020019036
:106C8000029003A8FBF780FA049802900420FEF714
:106C9000BBFC0198029944F6D352C1F26202A1FBF7
:106CA00002124FF0FF3101EB92114EF21402CEF2BC
:106CB000000211604EF21801CEF2000108604EF29F
:106CC0001001CEF20001086840F00300086008B02F
:106CD00080BD000080B58AB008A80290FBF7E6FFEF
:106CE000029940200890002004908DF826008DF82D
:106CF0002400042000908DF82500012006908DF8D6
:106D0000270040F60000C4F201000190FBF7E2FF0B
:106D1000009B01980299DDF810C0069A4FF0800E92
:106D2000CDF820E08DF826C08DF824C08DF82530F0
:106D30008DF82720FBF7CEFF049940F20040C4F203
:106D400000000590FEF7A0FC04990598FEF78AFC68
:106D500004990598FEF71AFE049A05984FF6FF71FC
:106D6000FEF76EFC04990598FEF734FE0499059829
:106D7000FEF71EFE049A059806998DF81C208DF8E2
:106D80001E108DF81D208DF81F2007A90391FEF716
:106D9000E7FC0399049A0598069B4FF0020C8DF8C6
:106DA0001CC08DF81E308DF81D208DF81F20FEF7B9
:106DB000D7FC049B059806991A46FEF785FC0598B2
:106DC0000699FEF773FC0AB080BD000080B58AB05A
:106DD00008A80490FBF76AFF0499022001908DF83F
:106DE0002700002005908DF8240008208DF826004B
:106DF0004FF400700890042002908DF8250040F6B2
:106E00000000C4F201000390FBF764FFDDF804C04A
:106E1000029A03980499059B8DF827C08DF82430B9
:106E20008DF826304FF4806308938DF82520FBF70A
:106E300051FF059B43F60000C4F2010006904FF499
:106E4000E1311A46FEF732FE069801210791FEF75E
:106E5000DFFE06980799FEF7C9FE05990698FEF72A
:106E60008DFE05990698FEF7D9FD06980799FEF75D
:106E7000C3FD0AB080BD000080B582B00120019042
:106E8000FFF708FB0198FFF7F5FA40F6C310FFF78C
:106E900019FBFFF7E7FA02B080BD000080B584B0AF
:106EA0008DF80F008DF80E1040F20010C2F20000B5
:106EB000006845F60001C4F20001884215D1FFE7E1
:106EC0009DF80F306A4605209060012151600DF158
:106ED0000E00106040F20010C2F200005A22FCF7CF
:106EE00095FC08B1FFE7FFE7FFE704B080BD0000B5
:106EF00045F22C30C2F20000016844F6F870401AE6
:106F00007047000080B586B04EF20040CEF200001F
:106F1000039001780491FF21017000788DF80B0037
:106F20009DF80B0000F0500045F2B421C2F20001C0
:106F3000087045F2B821C2F2000107200860FFE79F
:106F40009DF80B00000600280DD5FFE745F2B8219B
:106F5000C2F200010868013808609DF80B0040008B
:106F60008DF80B00ECE745F2B820C2F20000006893
:106F700003280BD0FFE74FF0500080F31188BFF3D8
:106F80006F8FBFF34F8F0590FFE7FEE745F2B82103
:106F9000C2F20001086800020860086800F4E060BE
:106FA000086004984EF20041CEF2000108704EF6DF
:106FB0002051CEF20001086840F4700008600868B3
:106FC00040F070400860FEF78BFF40F24001C2F2D3
:106FD0000001002001900860FDF754FCFFF7DEF986
:106FE000FDF76AFE019806B080BD000080B582B052
:106FF0004FF0500080F31188BFF36F8FBFF34F8FB6
:10700000009000F081FD40B1FFE74EF60451CEF252
:1070100000014FF080500860FFE7002001900198C8
:1070200080F3118802B080BD80B58CB008900791C4
:107030008DF81B20089858B9FFE74FF0500080F3F7
:107040001188BFF36F8FBFF34F8F0B90FFE7FEE701
:10705000089807994843049007990120029059B174
:10706000FFE708980499079AB1FBF2F1401AB0FAC9
:1070700080F040090290FFE70298C00758B9FFE787
:107080004FF0500080F31188BFF36F8FBFF34F8F25
:107090000A90FFE7FEE7049901F1480088420BD807
:1070A000FFE74FF0500080F31188BFF36F8FBFF3FD
:1070B0004F8F0990FFE7FEE704984830FDF78AFEFE
:1070C0000590059890B1FFE7059803900398483024
:1070D000039008980799039A9DF81B30DDF814C0B7
:1070E000EE46CEF800C0FDF771FA00E0FFE7059824
:1070F0000CB080BD80B584B00290019102980090E0
:10710000009858B9FFE74FF0500080F31188BFF3A3
:107110006F8FBFF34F8F0390FFE7FEE7FEF77CFE14
:1071200000990B68C86B0A6C00FB023088600099FC
:107130000020886300990868486000990B68C86B54
:107140000A6C013800FB0230C8600099FF2081F80A
:107150004400009981F845000198D0B9FFE70098F4
:107160000069A0B1FFE70098103000F0BBFE60B1ED
:10717000FFE74EF60451CEF200014FF08050086058
:10718000BFF34F8FBFF36F8F00E0FFE700E0FFE733
:1071900008E000981030FEF7CBFD00982430FEF791
:1071A000C7FDFFE7FEF764FE012004B080BD0000CC
:1071B00080B592B00C900B910A9209930020089030
:1071C0000C980490049858B9FFE74FF0500080F3F2
:1071D0001188BFF36F8FBFF34F8F1190FFE7FEE76A
:1071E0000B990020039039B9FFE70498006C002840
:1071F00018BF01200390FFE70398C00758B1FFE7CD
:107200004FF0500080F31188BFF36F8FBFF34F8FA3
:107210001090FFE7FEE7099900200229029007D1AC
:10722000FFE70498C06B013818BF01200290FFE708
:107230000298C00758B1FFE74FF0500080F3118863
:10724000BFF36F8FBFF34F8F0F90FFE7FEE700F0A4
:1072500035FC01460020019031B9FFE70A9800286B
:1072600018BF01200190FFE70198C00758B1FFE760
:107270004FF0500080F31188BFF36F8FBFF34F8F33
:107280000E90FFE7FEE7FFE7FEF7C6FD0498806B70
:107290000499C96B884204D3FFE70998022834D1C6
:1072A000FFE704980B99099AFDF7D8F8079004981E
:1072B000406AA0B1FFE70498243000F013FE60B1EB
:1072C000FFE74EF60451CEF200014FF08050086007
:1072D000BFF34F8FBFF36F8F00E0FFE710E0079819
:1072E00060B1FFE74EF60451CEF200014FF080503E
:1072F0000860BFF34F8FBFF36F8F00E0FFE7FFE73A
:10730000FEF7B6FD01200D9065E00A9828B9FFE769
:10731000FEF7AEFD00200D905DE0089830B9FFE764
:1073200005A8FEF7D5FE0120089000E0FFE7FFE783
:10733000FFE7FEF79DFDFFF729F8FEF76DFD0498C6
:1073400090F94400013028B9FFE70499002081F842
:107350004400FFE7049890F94500013028B9FFE7A1
:107360000499002081F84500FFE7FEF781FD05A89C
:107370000AA900F0EDFA28BBFFE70498FDF76AFAC6
:10738000C8B1FFE7049810300A99FEF7BBFE0498D5
:10739000FDF7C8FC00F00EFE60B9FFE74EF60451A1
:1073A000CEF200014FF080500860BFF34F8FBFF363
:1073B0006F8FFFE705E00498FDF7B4FC00F0FAFDDD
:1073C000FFE707E00498FDF7ADFC00F0F3FD0020B7
:1073D0000D9000E058E70D9812B080BD80B592B0D6
:1073E0000A900991089207930A980490049858B952
:1073F000FFE74FF0500080F31188BFF36F8FBFF3AA
:107400004F8F0E90FFE7FEE709990020019039B9F0
:10741000FFE70498006C002818BF01200190FFE7E7
:107420000198C00758B1FFE74FF0500080F3118872
:10743000BFF36F8FBFF34F8F0D90FFE7FEE7079904
:1074400000200229009007D1FFE70498C06B0138A3
:1074500018BF01200090FFE70098C00758B1FFE770
:107460004FF0500080F31188BFF36F8FBFF34F8F41
:107470000C90FFE7FEE7FEF755FDEFF311814FF0AB
:10748000500080F31188BFF36F8FBFF34F8F1091BF
:107490000F90109805900498806B0499C96B8842EE
:1074A00004D3FFE70798022843D1FFE7049890F838
:1074B00045008DF80F000498806B0290049809999C
:1074C000079AFCF7CBFF9DF90F000130B8B9FFE731
:1074D0000498406A88B1FFE70498243000F002FD68
:1074E00048B1FFE7089820B1FFE70899012008603C
:1074F00000E0FFE700E0FFE700E0FFE716E09DF9AE
:107500000F007F280BD1FFE74FF0500080F3118868
:10751000BFF36F8FBFF34F8F0B90FFE7FEE79DF830
:107520000F000130049981F84500FFE70120069023
:1075300002E000200690FFE705981190119880F373
:107540001188069812B080BD80B58EB00990089160
:1075500007920020069009980390039858B9FFE716
:107560004FF0500080F31188BFF36F8FBFF34F8F40
:107570000D90FFE7FEE708990020019039B9FFE779
:107580000398006C002818BF01200190FFE70198C4
:10759000C00758B1FFE74FF0500080F31188BFF3E8
:1075A0006F8FBFF34F8F0C90FFE7FEE700F086FA76
:1075B00001460020009031B9FFE70798002818BF66
:1075C00001200090FFE70098C00758B1FFE74FF097
:1075D000500080F31188BFF36F8FBFF34F8F0B9074
:1075E000FFE7FEE7FFE7FEF717FC0398806B0290CA
:1075F000029830B3FFE703980899FCF70DFF029853
:1076000001380399886303980069A0B1FFE70398E4
:10761000103000F067FC60B1FFE74EF60451CEF287
:1076200000014FF080500860BFF34F8FBFF36F8FA2
:1076300000E0FFE700E0FFE7FEF71AFC01200A90F8
:107640006DE0079828B9FFE7FEF712FC00200A90CA
:1076500065E0069830B9FFE704A8FEF739FD012080
:10766000069000E0FFE7FFE7FFE7FEF701FCFEF70B
:107670008DFEFEF7D1FB039890F94400013028B944
:10768000FFE70399002081F84400FFE7039890F991
:107690004500013028B9FFE70399002081F8450033
:1076A000FFE7FEF7E5FB04A807A900F051F930BB9E
:1076B000FFE70398FDF7BAF8D0B1FFE7039824304D
:1076C0000799FEF71FFD0398FDF72CFB00F072FCF5
:1076D00060B9FFE74EF60451CEF200014FF0805042
:1076E0000860BFF34F8FBFF36F8F00E0FFE705E047
:1076F0000398FDF717FB00F05DFCFFE70EE0039831
:10770000FDF710FB00F056FC0398FDF78FF818B159
:10771000FFE700200A9002E0FFE7FFE763E70A982F
:107720000EB080BD80B590B00A90099100200890FD
:107730000A9905910490059858B9FFE74FF0500059
:1077400080F31188BFF36F8FBFF34F8F0F90FFE768
:10775000FEE70598006C58B1FFE74FF0500080F34A
:107760001188BFF36F8FBFF34F8F0E90FFE7FEE7D7
:1077700000F0A4F901460020019031B9FFE7099813
:10778000002818BF01200190FFE70198C00758B1F9
:10779000FFE74FF0500080F31188BFF36F8FBFF306
:1077A0004F8F0D90FFE7FEE7FFE7FEF735FB0598EB
:1077B000806B0390039860B3FFE703980138059945
:1077C00088630598006828B9FFE7FDF763FB059912
:1077D000886000E0FFE705980069A0B1FFE7059821
:1077E000103000F07FFB60B1FFE74EF60451CEF29F
:1077F00000014FF080500860BFF34F8FBFF36F8FD1
:1078000000E0FFE700E0FFE7FEF732FB01200B900E
:107810009BE0099898B9FFE7049858B1FFE74FF04B
:10782000500080F31188BFF36F8FBFF34F8F0C9020
:10783000FFE7FEE7FEF71CFB00200B9085E00898B1
:1078400030B9FFE706A8FEF743FC0120089000E0EE
:10785000FFE7FFE7FFE7FEF70BFBFEF797FDFEF7FD
:10786000DBFA059890F94400013028B9FFE7059943
:10787000002081F84400FFE7059890F945000130A9
:1078800028B9FFE70599002081F84500FFE7FEF7DA
:10789000EFFA06A809A900F05BF8A8BBFFE7059876
:1078A000FCF7C4FF48B3FFE70598006850B9FFE74D
:1078B000FEF7B2FA0598806800F08CFA0490FEF7A3
:1078C000D7FA00E0FFE7059824300999FEF71AFC83
:1078D0000598FDF727FA00F06DFB60B9FFE74EF65B
:1078E0000451CEF200014FF080500860BFF34F8F7B
:1078F000BFF36F8F00E0FFE705E00598FDF712FA90
:1079000000F058FBFFE71FE00598FDF70BFA00F0C9
:1079100051FB0598FCF78AFFA0B1FFE7049870B10E
:10792000FFE7FEF779FA0598FCF7FEFD029005984F
:1079300080680299FEF732FCFEF79AFAFFE7002012
:107940000B9002E0FFE7FFE72FE70B9810B080BD38
:1079500080B588B005900491059858B9FFE74FF0BD
:10796000500080F31188BFF36F8FBFF34F8F0790E4
:10797000FFE7FEE7049858B9FFE74FF0500080F3A7
:107980001188BFF36F8FBFF34F8F0690FFE7FEE7BD
:10799000FEF742FA45F2AC30C2F2000000680290F5
:1079A000029805994968401A0190049800680130CE
:1079B00018B9FFE7002003902EE045F23430C2F200
:1079C000000000680599096888420CD0FFE702981A
:1079D00005994968884206D3FFE70120039004997E
:1079E0000020086017E001980499096888420BD2CA
:1079F000FFE7019A04990868801A08600598FEF765
:107A000067FB0020039005E0049900200860012036
:107A10000390FFE7FFE7FFE7FEF72AFA039808B0B5
:107A200080BD000070B58CB0DDF844C0DDF840C00A
:107A30000B900A91ADF826200893BDF8260080002F
:107A4000FDF7C8F90590059880B1FFE74C20FDF7D8
:107A5000C1F90790079820B1FFE7059807990863D7
:107A600003E00598FEF72AFAFFE702E000200790FE
:107A7000FFE70798D8B1FFE70B980A99BDF82620D1
:107A8000089BDDF840C0119C079DEE460026CEF80D
:107A90000C60CEF80850CEF80440CEF800C0FCF7D9
:107AA000B5FD0798FCF7E2FB0120069003E04FF0DC
:107AB000FF300690FFE706980CB070BD81B045F22C
:107AC0009030C2F20000006818B9FFE70120009072
:107AD0000DE045F2C020C2F20000006818B9FFE7CF
:107AE0000220009002E000200090FFE7FFE70098EE
:107AF00001B0704781B045F2AC30C2F200000068BE
:107B00000090009801B0704780B586B000200290C8
:107B100045F2C020C2F200000068002840F0D68084
:107B2000FFE745F2AC31C2F2000108680130019074
:107B300001980860019858BBFFE740F25010C2F26C
:107B400000000068006858B1FFE74FF0500080F374
:107B50001188BFF36F8FBFF34F8F0590FFE7FEE7EC
:107B600040F25012C2F200021068009040F254112C
:107B7000C2F20001086810600098086045F23431D4
:107B8000C2F20001086801300860FCF7EBFF00E07A
:107B9000FFE7019845F23031C2F2000109688842DE
:107BA00068D3FFE7FFE740F25010C2F20000006820
:107BB000006840B9FFE745F23031C2F200014FF0F2
:107BC000FF30086055E040F25010C2F2000000683B
:107BD000C068C068049004984068039001980399B5
:107BE000884207D2FFE7039845F23031C2F2000124
:107BF00008603EE0FFE704980430FEF71BF80498A5
:107C0000806A28B1FFE704981830FEF713F800E007
:107C1000FFE70498C06A45F2C821C2F20001096872
:107C2000884208D9FFE70498C06A45F2C821C2F229
:107C300000010860FFE70499C86A00EB800240F287
:107C40005C10C2F2000000EB82000431FEF7C6F8BF
:107C50000498C06A40F24811C2F200010968C96A7A
:107C6000884203D3FFE70120029000E0FFE7FFE72F
:107C700099E7FFE740F24810C2F200000068C06ACE
:107C800000EB800140F25C10C2F2000050F82100CD
:107C9000022803D3FFE70120029000E0FFE745F24E
:107CA0003830C2F20000006818B9FFE7FEF73EF86E
:107CB00000E0FFE745F2B830C2F20000006818B1FA
:107CC000FFE70120029000E0FFE709E045F23831CC
:107CD000C2F20001086801300860FEF727F8FFE7EC
:107CE000029806B080BD000080B586B0039003986E
:107CF0000290002001900398002867D0FFE70298C7
:107D000040F24811C2F20001096888420BD0FFE737
:107D10004FF0500080F31188BFF36F8FBFF34F8F88
:107D20000590FFE7FEE70298806C58B9FFE74FF037
:107D3000500080F31188BFF36F8FBFF34F8F049013
:107D4000FFE7FEE70299886C013888640299C86AE7
:107D5000496C884238D0FFE70298806C90BBFFE7FF
:107D600002980430FDF766FF08B9FFE700E0FFE77F
:107D70000299486CC8620299C86AC0F11000886113
:107D80000298C06A45F2C821C2F20001096888421F
:107D900008D9FFE70298C06A45F2C821C2F2000183
:107DA0000860FFE70299C86A00EB800240F25C10AD
:107DB000C2F2000000EB82000431FEF70FF8012050
:107DC000019000E0FFE700E0FFE700E0FFE7019837
:107DD00006B080BD80B584B0039003980290002067
:107DE00001900398002878D0FFE70298C06A40F21B
:107DF0004811C2F200010968C96A88425CD2FFE7F3
:107E00000298C07E000600280BD4FFE740F248101D
:107E1000C2F200000068C06AC0F1100002998861D7
:107E200000E0FFE702994869C96A01EB810240F26C
:107E30005C11C2F2000101EB8201884230D1FFE700
:107E400002980430FDF7F6FE08B9FFE700E0FFE70F
:107E500040F24810C2F200000068C06A0299C8628D
:107E60000298C06A45F2C821C2F20001096888423E
:107E700008D9FFE70298C06A45F2C821C2F20001A2
:107E80000860FFE70299C86A00EB800240F25C10CC
:107E9000C2F2000000EB82000431FDF79FFF08E012
:107EA00040F24810C2F200000068C06A0299C8623D
:107EB000FFE7012001900FE00298406C40F248116A
:107EC000C2F200010968C96A884203D2FFE70120B3
:107ED000019000E0FFE7FFE700E0FFE7019804B052
:107EE00080BD000080B584B002900298C068C06870
:107EF0000190019858B9FFE74FF0500080F31188C6
:107F0000BFF36F8FBFF34F8F0390FFE7FEE701983A
:107F10001830FDF78FFE45F2C020C2F20000006865
:107F200020BBFFE701980430FDF784FE0198C06A8A
:107F300045F2C821C2F200010968884208D9FFE76A
:107F40000198C06A45F2C821C2F200010860FFE74B
:107F50000199C86A00EB800240F25C10C2F2000096
:107F600000EB82000431FDF739FF09E0019800F1D0
:107F7000180145F23C30C2F20000FDF72FFFFFE789
:107F80000198C06A40F24811C2F200010968C96A4A
:107F9000884208D9FFE70120009045F2B831C2F2CB
:107FA0000001086002E000200090FFE7009804B0A4
:107FB00080BD000080B584B000200290019045F2A1
:107FC000C020C2F20000006858B9FFE74FF050002F
:107FD00080F31188BFF36F8FBFF34F8F0390FFE7DC
:107FE000FEE7FDF719FF45F2C020C2F2000001686C
:107FF000013901600068002840F09980FFE745F2F0
:10800000BC20C2F200000068002800F08F80FFE76B
:10801000FFE745F23C30C2F200000068002842D081
:10802000FFE745F23C30C2F20000C068C068029031
:1080300002981830FDF7FEFD02980430FDF7FAFDB6
:108040000298C06A45F2C821C2F20001096888425C
:1080500008D9FFE70298C06A45F2C821C2F20001C0
:108060000860FFE70299C86A00EB800240F25C10EA
:10807000C2F2000000EB82000431FDF7AFFE02986F
:10808000C06A40F24811C2F200010968C96A884218
:1080900007D3FFE745F2B831C2F2000101200860C2
:1080A00000E0FFE7B5E7029818B1FFE7FCF75AFDDB
:1080B000FFE745F23830C2F20000006800900098F7
:1080C000E0B1FFE7FFE7FFF71FFD38B1FFE745F23B
:1080D000B831C2F200010120086000E0FFE700981B
:1080E00001380090FFE700980028ECD1FFE745F247
:1080F0003831C2F200010020086000E0FFE745F2DD
:10810000B830C2F20000006870B1FFE701200190B2
:108110004EF60451CEF200014FF080500860BFF3DC
:108120004F8FBFF36F8F00E0FFE7FFE700E0FFE74F
:10813000FDF79EFE019804B080BD000080B584B0BC
:1081400000200290FCF720F945F2B030C2F20000A6
:108150000068B8B1FFE745F2B430C2F200006946EA
:1081600048600220086044F60550C0F6000049F25D
:108170007321C0F600014FF480720023FFF752FC18
:10818000029000E0FFE7029858B9FFE74FF0500077
:1081900080F31188BFF36F8FBFF34F8F0390FFE71A
:1081A000FEE7029804B080BD80B58AB0DDF830C02B
:1081B000089007910692059300200490089858B9FA
:1081C000FFE74FF0500080F31188BFF36F8FBFF3CC
:1081D0004F8F0990FFE7FEE745F2B030C2F2000092
:1081E0000068A8B3FFE707980090069801900898E8
:1081F0000290079805281EDCFFE7FFF75FFC0228C6
:108200000CD1FFE745F2B030C2F2000000680C9AD2
:1082100069460023FEF7CCFF04900BE045F2B03036
:10822000C2F200000068694600231A46FEF7C0FF4C
:108230000490FFE70BE045F2B030C2F200000068A6
:10824000059A69460023FFF7C9F80490FFE700E0AC
:10825000FFE704980AB080BD21F0004201F000431E
:10826000A2F16052B2F5801F28BFD2F17F6C0BD90A
:108270005FEA001C43EAC20242EB507018BF70472D
:1082800028BF20F001007047B2F5801FBCBF184620
:1082900070474FEA410C1CF5001F02D2084600F05F
:1082A00054BE70B500F00EFA00000089FFF7F6BF6B
:1082B0004FF00040A0F580007047000010B591EA33
:1082C000030F48BF83F0004300F15882841A71EB1A
:1082D000030C05D2121943EB0C03001B61EB0C01DC
:1082E0004FEA1154A4EB135CDFF81CE11EEA430FC4
:1082F00018BF9EEA445F00F0748021EA045123EA2B
:108300000E0343F48013DCF1200E32D322FA0CFE6C
:1083100010EB0E0023FA0CFE41EB0E01CCF1200E07
:1083200003FA0EFE10EB0E00CCF1200E51F100010D
:10833000B1F5801F32D201EB045112FA0EF2BDE802
:10834000104058BF7047401C38BF5FEA420218BF58
:108350007047002814BF20F0010041F100014FEAEE
:10836000410313F5001F38BF7047A1F1C04100F071
:10837000F7B9012A43EB0302ACF1200CDCF11F0E2C
:1083800032BF4FF0000E23FA0CF310EB030041EB69
:108390000451B4EB115FD0D0A1EB045101F5801171
:1083A000490801EB04515FEA30000ED350F10000A0
:1083B00038BF12FA0EFE08D1BDE81040C9E7401CD4
:1083C00038BF5FEA4202CAD1C3E7BDE810404FEAB6
:1083D000410313F5001F38BF7047A1F1C04100F001
:1083E000BFB99EEA445F08D011EA5E0FBDE81040B5
:1083F00004BF01F0004100207047BDE8104070B597
:1084000000F060F964FBBE3E0000E0FF2DE9C041D2
:1084100030B4DFF8A8C23CEA111418BF3CEA1314C8
:1084200000F0F0801CEA111481EA030544EAD574D7
:1084300018BF1CEA131500F0CB80A4EB050404F16F
:108440007F7404F500344FF0004545EAC12145EA48
:10845000C32341EA505143EA52534FEAC0204FEA46
:10846000C222994208BF904200F0A0804FEA1365F3
:108470000FF24816765D4FEA134506FB05F7C7F184
:10848000807706FB07F74FEAD737A7FB03687642EA
:10849000A7FB06CEC8F5803838BFA8F1010807FB56
:1084A00008E6A6FB028C4FF0000EE6FB03CED8F1E7
:1084B00000086FEA0C0C5CF1000C6FEA0E0E4EF136
:1084C000004EA6FB0C584FF00007E6FB0E87A1FB01
:1084D00008C6A0FB07CE16EB0E064FF0000545F1CF
:1084E0000005E1FB076515F1E04E7EBFA4F5803481
:1084F0005FEA46066D4116F1800745F100054FEA37
:10850000172747EA05674FEA15254FEA0666A6F1E1
:10851000DE46B6F1805F20D9384605EBC47124F001
:10852000010C01EB0C11BCF1FE6F02D8F0BCBDE8F0
:10853000008124425CBF01F5801E9EEAC47F02D404
:10854000F0BCBDE80081244200F13980A1F1C041B6
:10855000F0BCBDE8004100F003B94FEAD02040EA8A
:1085600041504FEAD1214FEAD22242EA43524FEA28
:10857000D323A7FB028607FB036605FB02661EEA00
:108580000E0F58BFA6EB0056B6EB00564FEA520E40
:108590004EEAC37E18EB0E0E56EB530EBCD518EB0D
:1085A00002085E417F1C55F10005B5E74FF48015C8
:1085B0004FF000074FF000064FF00008ACE701F164
:1085C000C04101F000414FF00000F0BCBDE8008167
:1085D0000CEA131511EA0C1F00D00CE013EA0C1F73
:1085E00000F025804FF0000081EA030101F0004116
:1085F000F0BCBDE80081F0BCBDE8004181EA0301A8
:1086000000F0AEB8F0BCBDE8004170B500F05AF81B
:10861000097EFC3E00F007B84FF0000081EA03013C
:1086200001F00041704781EA030100F099B8F0BC05
:10863000BDE8004122494FF000007047FFFDFBF903
:10864000F7F5F4F2F0EEEDEBE9E8E6E4E3E1E0DE85
:10865000DDDBDAD8D7D5D4D3D1D0CFCDCCCBCAC8F7
:10866000C7C6C5C4C2C1C0BFBEBDBCBBBAB9B8B71E
:10867000B6B5B4B3B2B1B0AFAEADACABAAA9A8A811
:10868000A7A6A5A4A3A3A2A1A09F9F9E9D9C9C9BDF
:108690009A9999989797969595949393929191908A
:1086A0008F8F8E8E8D8C8C8B8B8A8989888887871B
:1086B0008685858484838382828181800000FF0790
:1086C0000000F87F0EF1020E2EF0030E5EF8046B30
:1086D000364205D4012A43EB030515F5001F12D8D5
:1086E000012841EB010C1CF5001F0CD80ED14FEAFC
:1086F000D17C0CEB4C0C0CF1020C15F5001F08BFE3
:108700004CEBD37C04E04FF0080C01E04FEAD37C43
:108710000CEB4C0526FA05F606F00706B6F1040C3C
:1087200006D20EEB860CBDE870404CF0010C6047A1
:10873000DFE80CF0090B02024FF00041A1F5002127
:108740004FF0000070BD19461046012851EB01049E
:1087500018BFD4F5001484BF002001F0004170BDA3
:108760000808A0F500114FEA3101704710B591EAF1
:10877000030F48BF83F000433FF5A8AD841A71EBA7
:10878000030C07D28CF0004C121943EB0C03001BB6
:1087900061EB0C014FEA1154A4EB135CDFF8A4E188
:1087A0001EEA430F18BF9EEA445F00F0B48021EA3E
:1087B000045123EA6E035242C3EB6E0338BF5B1EC3
:1087C000DCF1200E25D322FA0CFE10EB0E0043FA4A
:1087D0000CFE41EB0E01CCF1200E03FA0EFE10EB65
:1087E0000E00CCF1200E51F1000129D401EB04510F
:1087F00012FA0EF2BDE8104058BF7047401C1CBF73
:10880000B2F1004F704700280CBF491C20F0010056
:10881000704712EB020E43EB030218BF4FF0010E3C
:108820004EEA4202ACF1200CDCF11E0E56D943FA9E
:108830000CFE10EB0E00CCF11E0E51F1FF31D5D520
:108840000EF1010E12FA0EFE404141EB010101EB67
:10885000445C5FEA5C5C10D901EB045110EBDE7004
:1088600038BFBEF1004FBDE8104018BF7047002868
:108870000CBF491C20F00100704734D24FEAD42CC1
:1088800024F4006411F500111BD0B1FA81F20B3A07
:10889000A41AA41ED2F12003914030FA03F3194325
:1088A000904001EBCC7101EB0451002CBDE810406D
:1088B000A8BF704701F1C04101F000414FF0000036
:1088C0007047B0FA80F310FA03F102D1BDE810400E
:1088D0007047E41A173C4805C90AE2E701EB045166
:1088E000BDE81040704749104FEA300001EB0451D9
:1088F000BDE8104002E04FF0000170474A0008BF99
:108900000042F8D0B2F5001F28BF704701F00041C7
:108910004FF0000070479EEA445F07D011EA5E0FF7
:10892000BDE8104004BF002100207047BDE81040A2
:1089300070B5FFF7C7FE00BF40DFF63E104683F07C
:10894000004170470000E0FF43004FEAD30C4FEABC
:108950003C0C43401FBF40070CF1605113F0FE4F29
:1089600070471CF0006F03D10CF0004100207047ED
:108970000CF0004343EA507040EACC0010B500F020
:108980009EFA00BF000000924FEA0001FFF7E8BE28
:108990004FF00041A1F500214FF0000070470000AA
:1089A00090EA010F48BF81F0004100F1DA82421ADB
:1089B0003CBF801A89184FEAD052A2EBD1534FF036
:1089C0007F4C1CEA410F18BF9CEA026F00F03B800D
:1089D0004FF0004C4CEA00204CEA012121FA03FC44
:1089E00010EB0C0C1ED202F1FF325FEA1C2040EBB0
:1089F000C25038BF70471CF07F0F4FEA400C18BFC1
:108A0000BCF17F4F38BF7047C3F12003994008BFC6
:108A100020F00100BCF17F4F38BF7047A0F1C0408B
:108A200000F093BA4FEA3C00000A40EBC25028BF66
:108A30001CF0FF0F4FEA400CE6D018BFBCF17F4F8F
:108A400038BF7047EAE79CEA026F05D010EA5C0F76
:108A500008BF00F00040704710B500F030FA00BFCA
:108A600064FBBE3E10B500F0F5F80CBF01200020FD
:108A700010BD10B500F0EEF814BF0120002010BDAD
:108A800010B500F033F98CBF0120002010BD10B5E7
:108A900000F02CF92CBF0120002010BD10B500F013
:108AA00059F994BF0120002010BD10B500F052F913
:108AB00034BF0120002010BD401058BFC0F140401D
:108AC000491058BFC1F140418142EFF30080704727
:108AD0004FF47F0C1CEAD0121EBF1CEAD11392EA9D
:108AE0000C0F93EA0C0F00F0858090EA010F48BF4D
:108AF00042F4807240F4000C41F400002CF07F41FD
:108B000020F07F4000B5A2EB030281420FF2081C67
:108B1000ACEB504E9EF800E0C0F100004FEA4E0E64
:108B200000FB0EFC38BF49004FEA2C1C0CFB0EF377
:108B30004FEACE1E0EEB635E4FEA112C0EFB0CFCCF
:108B40004FEAC1214FEA1C5300FB031102F5FA0260
:108B50004FEA112C0EFB0CFC4FEA01314FEADC4CC2
:108B600000FB0C1142EB2242C14228BF09184CEB1A
:108B700003335DF804EB10EB410143EBC250B2F557
:108B80007C0F38BF704729D512F0F00F1CBF00F1E1
:108B9000C04000F000407047008182838485868752
:108BA00088898B8C8D8E8F919293959697999A9CAC
:108BB0009D9FA0A2A3A5A7A8AAACAEB0B2B3B5B71B
:108BC000B9BCBEC0C2C5C7C9CCCED1D4D7D9DCDFF1
:108BD000E2E6E9ECF0F3F7FAFE0000004FEA400CA1
:108BE0000CF1807CBCF17E4F28BF7047B0F1C040D3
:108BF00000F0ABB90CEAD11390EA010F48BF42F480
:108C00008072624538BF634507D213F47F0F16D0D8
:108C100080EA010000F00040704710B500F04FF905
:108C2000097EFC3E00F005B880EA010000F000403B
:108C3000704780EA010000F0004000F086B912F4AD
:108C40007F0F04BF0248704780EA010000F07DB941
:108C50000000C07F50EA010C00F113801CF5000FEA
:108C600058BFBCF5000F01D48842704707D710F5F4
:108C7000000F58BF11F5000F15D488427047894284
:108C800070471CF5000F04D5BCF5000FF7D58142E5
:108C900070474FF0807C1CEB400F38BF1CEB410F3E
:108CA00001D28142704710B500F009F992244900C1
:108CB0004FF000504FF08051FFF7FEBE10F0004122
:108CC00048BF4042B0FA80F310FA03F2C3F19D03AB
:108CD0000BD051EAC35101EB1220530638BF704745
:108CE00000F1010008BF20F00100704750EA010CBC
:108CF00000F113801CF5000F58BFBCF5000F01D424
:108D00008842704707D710F5000F58BF11F5000FC4
:108D100015D488427047894270471CF5000F04D56E
:108D2000BCF5000FF7D5814270474FF0807C1CEBFB
:108D3000400F38BF1CEB410F01D28142704710B584
:108D400000F0BDF8922449004FF080504FF00051E0
:108D5000FFF7B2BE50EA010C00F113801CF5000FC2
:108D600058BFBCF5000F01D48842704707D710F5F3
:108D7000000F58BF11F5000F15D488427047894283
:108D800070471CF5000F04D5BCF5000FF7D58142E4
:108D900070474FF0807C1CEB400F38BF1CEB410F3D
:108DA00001D28142704710B500F089F89224490041
:108DB0004FF000504FF08051FFF77EBE4FF47F0C14
:108DC0001CEAD0121EBF1CEAD11392EA0C0F93EAE0
:108DD0000C0F00F0478090EA010F48BF42F4807208
:108DE0004FF0004C4CEA00204CEA012102EB030258
:108DF000A0FB0113A2F50002002918BF43F00103F4
:108E00005B0028BF4FEA330342EB22425FEA132C98
:108E10004CEBC2502EBFBCEB436FB2F57C0F7047DA
:108E20004FEA036CBCF1004F08BF20F00100B2F51F
:108E30007C0F38BF70470BD582F0FF0212F5803FE0
:108E4000C8BF704700F1C040D8BF00F00040704775
:108E500000F5000C5FEA4C0C48BF7047B0F1C04011
:108E600000F073B80CEAD11390EA010F48BF42F446
:108E70008072624538BF634504D280EA010000F089
:108E80000040704710B500F01AF800BF8900013E9D
:108E900000F007B800F009B85FEA410C5FEA1C6C0B
:108EA00008D080EA010000F050B85FEA400C5FEAA9
:108EB0001C6CF6D14FF00040A0F5800070470EF119
:108EC000020E2EF0030E5EF8044B244204D44FEA47
:108ED0004102B2F17F4F11D84FEA4003B3F17F4F07
:108EE0000CD80ED14FEAD07C0CEB4C0C0CF1020CE0
:108EF000B2F17F4F08BF4CEBD17C04E04FF0080C7F
:108F000001E04FEAD17C0CEB4C0324FA03F404F0AB
:108F10000704B4F1040C06D20EEB840CBDE810403B
:108F20004CF0010C6047DFE80CF0070802024FF03C
:108F30000040A0F5800010BD0846420018BFD2F1E5
:108F4000807288BF00F0004010BDFF2141EAD05080
:108F5000C005704790EA010F48BF81F000413FF51E
:108F600026AD421A04D882F00042A0EB0200114460
:108F70004FEAD052A2EBD1534FF07F4C1CEA410F85
:108F800018BF9CEA026F4AD04FF0004C4CEA002018
:108F90004CEA012121FA03FCB0EB0C0C0FD412F0C7
:108FA000FE0F36D05FEA4C001DD5001240EBC250D8
:108FB00038BF70471CF03F0F18BF70470BE05FEAE7
:108FC0001C20A2F1010240EBC25038BF70471CF0D8
:108FD0007F0F18BF7047C3F12003994014BF401E94
:108FE00020F0010070474FEA1223800808BF704745
:108FF000B0FA80FCA2EB0C02CCF1280C60FA0CF069
:1090000093EA122F04BF00EBC25070474FEAC370BF
:109010007047130A5FEADC1008BF7047F6E79CEA66
:10902000026F04D010EA5C0F08BF0020704710B533
:10903000FFF745FF40DFF63E81F000407047050531
:10904000040401010F0505000101050300000404EB
:1090500001070300000001020103000002030207F0
:1090600003010100010301030101020303030304DF
:1090700004000103050304040203030703020200C2
:1090800001040103020202030403030303000104B9
:10909000050303030203050103010104040503039F
:1090A0000202040405050303030404050703040482
:1090B0000404060103050503030603030505020274
:1090C00006050300001000009A99993F333353407E
:1090D0009A99193F3333113C00000642CDCCAC4184
:1090E000910D0008750A000871110008251100088B
:1090F00004910008F89000084D110008651100085F
:1091000059110008CF000000ED100008811200087E
:1091100020910008B8910008C491000880910008CF
:10912000CD1E00084D1D0008000C01400400000089
:10913000000C0140800000000010014000200000F1
:10914000000801402000000000080140020000006B
:10915000000801400008000002040608020C081084
:1091600000000000010203040000000001020304EB
:1091700000000000000000000102030406070809C7
:10918000D52A0008C92B0008812B0008C92A00082D
:10919000E92B0008992B0008B12B0008F52B0008DB
:1091A000112C000880FF0000993A0008C150000807
:1091B000914F000829500008113B0008ED3A0008C3
:1091C000B93A0008353F000845400008000C01404E
:1091D00040000000000C0140200000000008014099
:1091E00010000000000801400800000000080140D5
:1091F000040000006461656D6F6E5F7461736B00E5
:1092000041444320546872656164006B6579626F04
:109210006172645F7461736B00656E636F64657225
:109220005F7461736B0068765F6D6F746F725F74EB
:1092300061736B0063616E5F72785F7461736B0062
:1092400063616E5F74785F7461736B006B657962E4
:109250006F6172645F74785F656E67696E65006CDC
:109260006564735F7461736B0049444C4500546DD1
:10927000725100546D7220537663000000000000AC
:109280000000000102030406070809000F000000A7
:10929000B09200080000002048000000D40100083F
:1092A000F89200084800002078590000F4010008F6
:1092B0000D0E000004000000010000000E0E000072
:1092C00004000000000000000F0E00000400000079
:1092D00001000000980000000E00000001000000E6
:1092E000F20A00000C0000000000000000127A00EA
:0892F000AAAAAAAA00000000CE
:04000005080001717D
:00000001FF
