:020000040800F2
:10000000385F002085010008610B0008590B0008CB
:100010005D0B0008F1090008A90D000800000000B0
:10002000000000000000000000000000910C00082B
:10003000550B000800000000410C0008B50C00083A
:100040009F0100089F0100089F0100089F01000810
:100050009F0100089F0100089F0100089F01000800
:100060009F0100089F0100089F010008510B000834
:100070009F0100089F0100089F0100089F010008E0
:100080009F0100089F0100089F0100089F010008D0
:10009000F50900087D0A0008050B00089F0100080B
:1000A0009F0100089F0100089F0100089F010008B0
:1000B0009F010008A10D00089F0100089F01000892
:1000C0009F0100089F0100089F0100089F01000890
:1000D0009F010008A50D00089F0100089F0100086E
:1000E0009F0100089F0100089F0100080000000018
:1000F0000000000000000000000000000000000000
:10010000000000009F0100089F010008000000009F
:100110009F0100089F01000800000000000000008F
:100120009F0100089F0100089F0100089F0100082F
:1001300000000000000000000000000000000000BF
:100140000000000000000000000000009F01000807
:1001500000000000000000009F0100089F0100084F
:100160000000000000000000000000009F010008E7
:10017000DFF80CD000F024FC00480047ED490008EF
:10018000385F00200648804706480047FEE7FEE744
:10019000FEE7FEE7FEE7FEE7FEE7FEE7FEE7FEE737
:1001A000CD0C0008710100082DE9F05F0546002024
:1001B00092469B4688460646814640241BE02846D8
:1001C00041464746224600F0A2FA53465A46C01A14
:1001D000914110D311461846224600F089FA2D1A93
:1001E00067EB01084F4622460120002100F080FA0B
:1001F00017EB00094E41201EA4F10104DFDC484644
:1002000031462A464346BDE8F09F40EA01039B077A
:1002100003D009E008C9121F08C0042AFAD203E07B
:1002200011F8013B00F8013B521EF9D27047D2B2DF
:1002300001E000F8012B491EFBD270470022F6E7CF
:1002400010B513460A4604461946FFF7F0FF20464C
:1002500010BD421C10F8011B0029FBD1801A704709
:10026000F0B480EA0102D40F4200B2EB410F02D297
:100270000246084611464A0042D0C30DDDB2C1F322
:10028000C752AD1A202D35DAC1F3160141F4000230
:1002900004B15242C5F1200602FA06F12A41104487
:1002A000B3EBD05F23D0C4B1012DA0EBC35009DC68
:1002B000F0BC4FF0004202EAC352DBB200F500008E
:1002C00000F050BA400000F1807000EBC350A0F184
:1002D000807040EAD170490009E0490841EAC071E4
:1002E000A0EBC35000F50000400800EBC350F0BC89
:1002F00000F02FBA6142012202EB4101001BF6E738
:10030000F0BC704781F00041AAE780F00040A7E709
:1003100080EA010210B502F00043400022D04A00FA
:100320001FD0010E01EB1261C0F35600C2F356025A
:1003300040F4000042F40002A0FB022000047F39D8
:10034000140400D0401C50EA124001D44000491E61
:10035000C2B20C0604EBD010401C4008802A02D028
:1003600003E0002010BD20F00100002900DA002089
:10037000184310BD30B480EA010202F0004530F0AD
:10038000004221F0004013D090B1C30DD40DC2F350
:100390001601C0F31600E41A41F4000140F4000213
:1003A0007D34914201D3641C00E04900002C02DA44
:1003B00030BC002070474FF400000023914201D36D
:1003C000891A034340084FEA4101F7D151B19142E4
:1003D00002D14FF0004105E002D24FF0010101E0EF
:1003E0006FF0010103EBC450284430BC00F0B1B9F8
:1003F0002DE9FE4F804681EA0300C00F0C460090B5
:1004000021F0004123F00045B8EB0200A94105D2DC
:100410004046214690461C460B46024623F00040CB
:10042000104347D0270DC7F30A00C3F30A510290C7
:10043000401A019040286BDAC3F3130040F4801B8C
:100440000098924620B10023D2EB030A63EB0B0B1A
:1004500001985946C0F14002504600F049F906465D
:100460000D4650465946019A00F061F910EB08001C
:100470006141002487EA115284EAE7731A4340D0AD
:10048000009A62B3019A012A4FEA075215DC001B59
:1004900061EB02014FF0004202EA0752CDE900424F
:1004A000001C41F5801132462B4600F098F903B04C
:1004B000BDE8F08F40462146F9E7001B61EB0201E1
:1004C000001C41F5801300185B412018A2F50017AD
:1004D00047EB030140EAD570B6196D4111E06D0894
:1004E0004FEA360645EAC0754FEA0752001B61EB3A
:1004F0000201001C41F5801149084FEA3000001943
:10050000514132462B4603B0BDE8F04F00F058B9D8
:100510000098012240000023D0EB020263EBE0735D
:10052000009821464FEAE074B8EB000061EB04014B
:10053000E9E783F000435BE781F0004158E72DE9EC
:10054000F04D81EA030404F0004B21F0004514460D
:100550004FF0000A23F0004150EA050220D054EA8F
:1005600001021DD0C5F30A570246C5F31303C1F3B8
:100570001300C1F30A5640F4801543F48013A7EB2F
:100580000608101BD64608F2FD3873EB050002D3AF
:1005900008F1010801E092185B41B8F1000F03DA9D
:1005A00000200146BDE8F08D00204FF48011064682
:1005B00084460EE0171B73EB050705D3121B63EB94
:1005C000050306434CEA010C49084FEA3000921833
:1005D0005B4150EA0107EDD152EA030012D082EAF2
:1005E000040083EA0501084305D0101BAB4106D285
:1005F0000122002306E000224FF0004302E06FF0EA
:10060000010253101AEB06004CEB085110EB0A00E4
:1006100041EB0B01BDE8F04D00F0D2B8002801DB42
:10062000C0F10040002901DBC1F10041814201D845
:100630000120704700207047002801DBC0F1004016
:10064000002901DBC1F10041814201D30120704743
:1006500000207047C10F80EAE0700844CA07962363
:10066000002100F07FB800F0004230F000400AD0D6
:10067000C10D01F56071C0F3160042EA0151C208D4
:1006800040071143704700200146704701F00043C6
:1006900030B421F0004150EA010206D00A0DA2F563
:1006A0006072C1F31301002A02DC30BC00207047E5
:1006B000440F44EAC104C100E01830BC00EBC25052
:1006C00000F047B830B50B46014600202022012437
:1006D00009E021FA02F59D4205D303FA02F5491B10
:1006E00004FA02F52844151EA2F10102F1DC30BD26
:1006F000202A04DB203A00FA02F1002070479140E2
:10070000C2F1200320FA03F3194390407047202AD6
:1007100004DB203A21FA02F00021704721FA02F3AB
:10072000D040C2F120029140084319467047202A68
:1007300006DBCB17203A41FA02F043EAE07306E009
:1007400041FA02F3D040C2F1200291400843194619
:1007500070470029A8BF7047401C490008BF20F01F
:100760000100704710B4B0FA80FC00FA0CF050EAB7
:10077000010404BF10BC704749B1CCF1200421FA38
:1007800004F411FA0CF118BF012121430843A3EB33
:100790000C01CB1D4FEA00614FEA102042BF002040
:1007A00010BC704700EBC35010440029A4BF10BC1C
:1007B0007047401C490008BF20F0010010BC704782
:1007C00010B5141E73F1000408DA401C41F1000159
:1007D00092185B411A4301D120F0010010BD2DE9B0
:1007E000F04D92469B4611B1B1FA81F202E0B0FAA7
:1007F00080F220329046FFF77BFF04460F4640EA26
:100800000A0041EA0B0153465A46084313D01146E9
:1008100053EA010019D0C8F140025046FFF777FFB4
:1008200005460E46504659464246FFF761FF0843CB
:1008300005D0012004E020463946BDE8F08D0020B7
:10084000054346EAE0762C4337430A986305E40AF9
:10085000A0EB08000022FD0A44EA47540A3002D502
:1008600000200146E9E7010510196941DDE9084565
:1008700000196941BDE8F04DA2E72DE9FE4F81EA7C
:10088000030404F0004421F0004100944FF0000BF9
:1008900023F0004350EA01045ED052EA03045BD027
:1008A000C3F30A54C1F30A552C44A4F2F33401945F
:1008B000A0FB0254C1F3130141F48011C3F31303ED
:1008C00043F4801301FB024400FB034E840A970AA1
:1008D00044EA815447EA8357A4FB076802958D0ACE
:1008E00005FB07854FEA932C04FB0C542705029D5A
:1008F0004FEA065847EA1637B5EB08056EEB070CCA
:10090000870E920E47EA811742EA8312A7FB020183
:10091000B6EB0B0164EB00042B0D43EA0C335E18BD
:1009200044EB1C50DA465146E7FB0201C5F31304C1
:100930004FEA0B3343EA14534FEA0432019C43EA73
:100940000603A4F10C040294009CCDE900B4FFF767
:1009500046FF03B0BDE8F08F00200146F9E7C1F380
:100960000A52C1F3130140F2FF3341F480119A425D
:1009700002DA00200146704740F233439A42A2F265
:10098000334202DC5242FFF7C2BEFFF7B1BE0000A5
:1009900030B5041E71F1000404DB4FF00044404206
:1009A00064EB0101141E73F1000405DB1C464FF0DB
:1009B0000043524263EB0403994208BF904230BDAA
:1009C0001CB509480090094801900546009C06E0C6
:1009D000E06840F0010394E8070098471034AC4207
:1009E000F6D3FFF7C9FB000080990008A099000822
:1009F000FFE7FEE780B586B00020059046F2004094
:100A0000C4F20000092101F023FA28B3FFE7002017
:100A10000490039002900190009040F29C50C2F22A
:100A200000000068B8B1FFE749F2D470C0F60000DA
:100A30004068426800206946904701280BD1FFE7D3
:100A400040F29C50C2F200000068694605AA0023EB
:100A500007F01EFAFFE7FFE7059860B1FFE74EF6E3
:100A60000451CEF200014FF080500860BFF34F8F69
:100A7000BFF36F8FFFE706B080BD000080B586B082
:100A80000020059046F20040C4F200000C2101F065
:100A9000DFF928B3FFE70020049003900290019053
:100AA000009040F29C50C2F200000068B8B1FFE72D
:100AB00049F2D470C0F600004068426801206946DF
:100AC000904701280BD1FFE740F29C50C2F2000092
:100AD0000068694605AA002307F0DAF9FFE7FFE797
:100AE000059860B1FFE74EF60451CEF200014FF0D9
:100AF00080500860BFF34F8FBFF36F8FFFE706B0E2
:100B000080BD000080B582B00020019046F2004018
:100B1000C4F20000042101F09BF9B8B1FFE746F2EE
:100B20001840C4F20000006800F07000019040F22C
:100B30008001C2F20001886A0130886246F20040FA
:100B4000C4F20000042101F033F9FFE702B080BDD8
:100B50007047000070470000FFE7FEE7FFE7FEE791
:100B60007047000088B0079006910592079800F042
:100B7000070004900498C0F10700052803D3FFE79D
:100B80000420019004E00498C0F107000190FFE701
:100B90000198039004980430062803D8FFE700204A
:100BA000009003E0049803380090FFE7009802905B
:100BB00006980399012202FA01F101390840029BCB
:100BC000984005999A40013A1140084308B070478F
:100BD00088B0079006910592079800F007000490EE
:100BE0000498C0F10700052803D3FFE70420019013
:100BF00004E00498C0F107000190FFE7019803901A
:100C000004980430062803D8FFE70020009003E092
:100C1000049803380090FFE7009802900698039923
:100C2000012202FA01F101390840029B984005991E
:100C30009A40013A1140084308B070470000000094
:100C4000EFF30980BFF36F8F0D4B1A6820E9F00FA7
:100C500010602DE908404FF0500080F3118806F035
:100C600001F94FF0000080F31188BDE808401968D1
:100C70000868B0E8F00F80F30988BFF36F8F704702
:100C80004004002000000000000000000000000000
:100C9000074B19680868B0E8F00F80F30988BFF3C4
:100CA0006F8F4FF0000080F311884EF00D0E7047EB
:100CB0004004002080B506F0A3FC07F0C5FC012825
:100CC00003D0FFE706F060FEFFE780BD41F21C01A4
:100CD000C4F20201086840F08050086047F25002F8
:100CE000C4F20002107840F004001070086820F090
:100CF0008050086041F20001C4F20201086840F02F
:100D000001000860FFE741F20000C4F20200006841
:100D1000C0F34000012801D0FFE7F4E741F20401ED
:100D2000C4F20201086820F003000860FFE741F206
:100D30000400C4F2020000688008800708B1FFE7E1
:100D4000F5E741F20001C4F2020108684FF6FF72B4
:100D5000CFF6F2621040086041F20401C4F20201D1
:100D60000020086041F22C01C4F2020141F610702B
:100D7000086041F23001C4F202014FF480100860B3
:100D800041F20801C4F202014FF41F0008604EF660
:100D90000851CEF200014FF000600860704700007B
:100DA0007047000070470000FFE7FEE781B08DF854
:100DB00003009DF9030000280ED4FFE79DF90310FE
:100DC00001F01F02012090404A094EF20011CEF2BC
:100DD000000141F82200FFE701B070474EF60C50C9
:100DE000CEF200000068C0F3022070474EF60C50AF
:100DF000CEF200000068C0F30220704782B08DF888
:100E0000070000919DF9070000280AD4FFE7009829
:100E100000019DF907104EF20042CEF20002885404
:100E20000BE0009800019DF8071001F00F014EF64D
:100E30001452CEF200028854FFE702B0704700005F
:100E400082B08DF8070000919DF9070000280AD4B0
:100E5000FFE7009800019DF907104EF20042CEF224
:100E6000000288540BE0009800019DF8071001F083
:100E70000F014EF61452CEF200028854FFE702B082
:100E80007047000083B00290029800F007000090C5
:100E90004EF60C51CEF200010868019001984FF611
:100EA000FF02104001900198009A40EA02200022BF
:100EB000C0F2FA52104301900198086003B07047E5
:100EC00082B001900091009802780199486802F080
:100ED000010220F4807040EA0220486000984278C5
:100EE0000199886802F0010220F0020040EA420005
:100EF0008860009882780199886802F0010220F4E5
:100F0000006040EAC22088600098C078421E0199C3
:100F1000C86A02F00F0220F4700040EA0250C86272
:100F200002B0704781B000900099002008700099CD
:100F300048700099887000990120C87001B070470E
:100F400080B542F20040C4F2010000F01BF8FFE758
:100F500042F20040C4F2010000F01EF808B1FFE7C1
:100F6000F6E742F20040C4F2010000F029F8FFE782
:100F700042F20040C4F2010000F02CF808B1FFE793
:100F8000F6E780BD81B000900099886840F00800C5
:100F9000886001B07047000082B0009000988068BF
:100FA000C008C00720B1FFE701208DF8070003E06B
:100FB00000208DF80700FFE79DF8070002B070479A
:100FC00081B000900099886840F00400886001B00A
:100FD0007047000082B00090009880688008C007C9
:100FE00020B1FFE701208DF8070003E000208DF815
:100FF0000700FFE79DF8070002B0704782B001903C
:101000008DF803109DF803200199886802F0010211
:1010100020F4807040EA0220886002B0704700002F
:1010200082B001908DF803109DF803200199886823
:1010300062F30000886002B07047000083B0029045
:101040008DF807108DF806208DF805309DF8070003
:1010500009281CDCFFE70298006900909DF8070052
:1010600000EB4001072000FA01F10098884300904E
:101070009DF805009DF8071001EB410100FA01F110
:101080000098084300900098029908611EE00298B9
:10109000C06800909DF8070000EB4000A0F11E0121
:1010A000072000FA01F10098884300909DF80500A0
:1010B0009DF8071001EB41011E3900FA01F100987B
:1010C0000843009000980299C860FFE79DF8060069
:1010D0000D281FDBFFE70298C06A00909DF806000C
:1010E00000EB8000A0F141011F2000FA01F10098FF
:1010F000884300909DF807009DF8061001EB8101E0
:10110000413900FA01F100980843009000980299D3
:10111000C86242E09DF8060007281FDBFFE702983F
:10112000006B00909DF8060000EB8000A0F1230109
:101130001F2000FA01F10098884300909DF80700F5
:101140009DF8061001EB8101233900FA01F10098A6
:10115000084300900098029908631DE00298406BD4
:1011600000909DF8060000EB8000411F1F2000FA50
:1011700001F10098884300909DF807009DF8061043
:1011800001EB8101053900FA01F100980843009054
:10119000009802994863FFE7FFE703B0704700003B
:1011A00082B001908DF803108DF802209DF80300A5
:1011B000082811DBFFE70199886840F0007088601B
:1011C0009DF8030000F007020199886820F4602070
:1011D00040EA4240886010E00199886820F0007081
:1011E00088609DF8030000F007020199886820F4E8
:1011F000602040EA42408860FFE79DF802200199A4
:10120000886802F0010220F4801040EA02508860F1
:1012100002B0704782B001908DF803109DF8032052
:101220000199486802F0010220F4006040EAC220FF
:10123000486002B07047000082B001908DF8031042
:101240009DF803200199886802F0010220F48000D3
:1012500040EA8250886002B07047000080B582B0DA
:1012600042F20040C4F20100009001210191FFF719
:10127000D7FE00980199FFF7DFFF02B080BD0000A4
:1012800081B08DF803009DF8032042F20841C4F2BA
:101290000101086802F0010220F4000040EAC25097
:1012A000086001B07047000080B5A2B0219040F204
:1012B0005401C2F200010020086040F25801C2F25D
:1012C0000001086040F25C01C2F20001086040F2D7
:1012D0005001C2F20001086049F69A10C3F6797015
:1012E0002090FFE749F27C70C0F600001890C069BA
:1012F00080470A2005F000FC40F24800C2F20000DE
:101300000F904088FFF7A6F918998968FFF700F851
:101310000146189808910088FFF79CF90146089843
:10132000FFF728F801460F9840F25C02C2F2000273
:10133000109211608088FFF78DF9189A0146109875
:1013400009910168506892680A92FFF713F8014604
:101350000998FEF7DDFF0A99FEF7DAFF01461898B3
:101360000B910088FFF776F901460B98FFF702F81A
:101370001F901F994FF2C350C3F6A870FEF7C2FF2B
:10138000FFF771F94CF2F432CEF208124CF2D1634D
:10139000CBF67173FFF7D3F800220023C4F23903B0
:1013A000FFF726F8FFF772F91F9040F25000C2F2E3
:1013B00000000E9000681E901E980C901F984CF62E
:1013C000C041C3F6CC411491FEF7A2FF01460C9830
:1013D0000D9149F69A11C3F679711591FEF798FFB0
:1013E0000D99FEF73DFF0E9A01460F981E911E992A
:1013F00011600088FFF72EF918994A681192CA689F
:1014000013920969FEF784FF10990246119812920F
:101410000968FEF7AFFF01461298FEF779FF1399AE
:10142000FEF71EFF14991D9040F25400C2F2000016
:10143000199000681C901C9816901D98FEF768FF84
:101440001599024616981792FEF762FF1799FEF754
:1014500007FF1899024619981C921C9A02600068AE
:101460004969FFF7DBF860B9FFE749F2A070C0F601
:1014700000000069C068826840F60D600321904753
:1014800025E040F25400C2F20000006849F27C718D
:10149000C0F600018969FFF7CFF860B9FFE749F2AC
:1014A000A070C0F600000069C068826840F60D6058
:1014B000042190470AE049F2A070C0F600000069DC
:1014C000C068C16840F60D608847FFE7FFE749F252
:1014D0007C71C0F60001069148688968029140F26B
:1014E0005C01C2F200010968FEF744FF0146029860
:1014F000FEF70EFF1B9040F25800C2F2000005906C
:1015000000681A901A9803901B984CF6C041C3F6D5
:10151000CC41FEF7FDFE01460398049149F69A116D
:10152000C3F67971FEF7F4FE0499FEF799FE05996A
:10153000024606981A921A9A0A600968079180680A
:101540004CF6CD41C3F68C71FEF7E2FE01460798DA
:10155000FFF764F860B9FFE749F2A070C0F6000039
:101560000069C068826840F60F60032190472EE052
:1015700040F25800C2F200000068019049F27C700D
:10158000C0F60000806846F26661C3F66671FEF739
:10159000BFFE01460198FFF74FF860B9FFE749F237
:1015A000A070C0F600000069C068826840F60F6055
:1015B000042190470AE049F2A070C0F600000069DB
:1015C000C068C16840F60F608847FFE7FFE789E61B
:1015D00080B582B001900020009040F60820C2F251
:1015E0000000006860B1FFE740F60820C2F200008A
:1015F0000068019900231A4606F034FB0090FFE7CB
:10160000009802B080BD000080B582B0642005F073
:1016100073FA06F03FF940F28001C2F20001019135
:10162000886105F049F80199486102B080BD000069
:1016300080B582B040F26401C2F200010868013056
:10164000086040F26000C2F200000068FA300190C9
:1016500007F016F801460198884239D2FFE707F0F3
:101660000FF840F26001C2F20001086040F264002D
:10167000C2F20000006840F26801C2F2000109688D
:1016800088420BD9FFE740F26400C2F20000006814
:1016900040F26801C2F200010860FFE740F2680012
:1016A000C2F20000026840F26401C2F20001086860
:1016B000101A42F210735843B0FBF2F040F280026D
:1016C000C2F20002D0610020086005F02FFCFFE7A5
:1016D00002B080BD40F25400C2F2000000687047C2
:1016E00040F25000C2F200000068704740F258001B
:1016F000C2F200000068704780B588B049F2D4702B
:10170000C0F600000068804740F28000C2F200008E
:1017100001F052F8694600200690486001200790C9
:10172000086044F2C150C0F6000049F6E701C0F677
:1017300000014FF4007205920523039306F0CCFEDE
:10174000039B069A079869464A60086043F2712035
:10175000C0F6000049F6F501C0F600014FF48072B2
:1017600006F0BAFE0698694648600220086042F218
:101770008140C0F6000049F61011C0F600014FF498
:10178000806204924FF4FA7306F0A6FE049A079B57
:101790000698694648600320086042F2AD50C0F6E2
:1017A000000049F61C11C0F6000106F095FE059AEE
:1017B000069B079869464B60086043F29D70C0F62F
:1017C000000049F60211C0F600010A2306F084FE6B
:1017D000069B079869464B60086041F2A920C0F655
:1017E000000049F6DC01C0F60001802206F074FE1C
:1017F00008B080BD40F28001C2F200010A6A486A66
:10180000013240F100000A624862704780B582B040
:1018100001200190072004F0BDF949F2D470C0F610
:101820000000C068006840B1FFE749F2D470C0F61C
:101830000000C06800688047FFE749F2D470C0F636
:1018400000000069006840B1FFE749F2D470C0F6BB
:101850000000006900688047FFE7019802B080BD82
:1018600083B0029001918DF80320029880060199BF
:1018700040EA01209DF80310084403B070470000BF
:1018800083B002900191002000900298052852D860
:10189000FFE749F2C470C0F60000007848F200018A
:1018A000C1F6FF01084301990860019901204860D1
:1018B0000298052804D1FFE701990020886037E0ED
:1018C000019904208860029800EB400140F200007A
:1018D000C2F2000050F82110019A1173029901EB35
:1018E000410150F82110090A019A5173029901EB44
:1018F000410100EB810149884901019A91730299E4
:1019000001EB410100EB8101496801F01F03019ADD
:10191000917B19439173029901EB410100EB810026
:101920008068002818BF0120C0010199C873FFE733
:1019300001200090FFE7009803B0704786B0059043
:10194000049100208DF80F0002900599086820F09E
:10195000020008600599086840F001000860FFE790
:10196000059841680020C907019041B9FFE7029836
:101970004FF6FF71401A18BF01200190FFE7019850
:10198000C00720B1FFE7029801300290E8E7059810
:101990004068C007002800F08380FFE70498427881
:1019A0000599086802F0010220F0800040EAC210A8
:1019B0000860049882780599086802F0010220F016
:1019C000400040EA821008600498C27805990868CF
:1019D00002F0010220F0200040EA42100860049862
:1019E00002790599086802F0010220F0100040EA2F
:1019F00002100860049842790599086802F0010213
:101A000020F0080040EAC200086004988279059935
:101A1000086802F0010220F0040040EA8200086039
:101A20000498007800F001020599C86920F0804010
:101A300040EA8270C861049802780599C869520822
:101A400062F3DF70C8610599086820F00100086042
:101A500000200290FFE7059841680020C907009028
:101A600041B1FFE702984FF6FF71401A18BF0120FD
:101A70000090FFE70098C00720B1FFE7029801300F
:101A80000290E8E705984068C00720B1FFE7002012
:101A90008DF80F0003E001208DF80F00FFE703E051
:101AA00000208DF80F00FFE79DF80F0006B070478B
:101AB00086B00590049100208DF80F0002900599E2
:101AC000086820F0020008600599086840F00100ED
:101AD0000860FFE7059841680020C907019041B9F7
:101AE000FFE702984FF6FF71401A18BF01200190DE
:101AF000FFE70198C00720B1FFE70298013002908C
:101B0000E8E705984068C007002856D0FFE704982A
:101B10000088421E0599C86962F30B00C8610498E9
:101B200082780599C86902F0030220F0407040EA0B
:101B30000260C8610498C2780599C86902F00F0272
:101B400020F4702040EA0240C861049802790599A7
:101B5000C86902F0070220F4E00040EA0250C861C0
:101B60000599086820F00100086000200290FFE756
:101B7000059841680020C907009041B1FFE702982D
:101B80004FF6FF71401A18BF01200090FFE7009840
:101B9000C00720B1FFE7029801300290E8E70598FE
:101BA0004068C00720B1FFE700208DF80F0003E078
:101BB00001208DF80F00FFE703E000208DF80F00F3
:101BC000FFE79DF80F0006B07047000081B000905D
:101BD000009900204870009988700099C870009999
:101BE000087100994871009988710099087001B0D6
:101BF0007047000087B0069005910020049005987A
:101C0000C1780120884004900699D1F8000240F084
:101C10000100C1F80002049A0699D1F81C02904311
:101C2000C1F81C02059800790146039120B1FFE735
:101C30000398012830D05FE0049A0699D1F80C028D
:101C40009043C1F80C02059A908900040699D27855
:101C500001EBC201C1F8400205990A890698C978CA
:101C600000EBC101D1F840021043C1F84002059ACF
:101C7000508900040699D27801EBC201C1F84402F0
:101C80000599CA880698C97800EBC101D1F84402C9
:101C90001043C1F8440230E0049A0699D1F80C02CE
:101CA0001043C1F80C02059AD08800040699D27836
:101CB00001EBC201C1F8400205990A890698C9786A
:101CC00000EBC101D1F840021043C1F84002059A6F
:101CD000508900040699D27801EBC201C1F8440290
:101CE00005998A890698C97800EBC101D1F84402A8
:101CF0001043C1F8440200E0FFE705984078014630
:101D0000029120B1FFE70298012808D00FE0049A61
:101D10000699D1F804029043C1F8040208E0049A3D
:101D20000699D1F804021043C1F8040200E0FFE76D
:101D3000059880780146019120B1FFE701980128BC
:101D400008D00FE0049A0699D1F814029043C1F824
:101D5000140208E0049A0699D1F814021043C1F85D
:101D6000140200E0FFE7059800780146009160B199
:101D7000FFE70098012810D1FFE7049A0699D1F8EF
:101D80001C021043C1F81C0208E0049A0699D1F81D
:101D90001C029043C1F81C0200E0FFE70699D1F84D
:101DA000000220F00100C1F8000207B070470000F7
:101DB00083B00290019101980138014600911028EA
:101DC00043D80099DFE801F00909090D0914181D2D
:101DD000412226412A2E32363A00029904204860D8
:101DE00034E00299042048600299002088612DE0C7
:101DF00002990120886029E002994FF48070886080
:101E000024E002994FF4803088601FE00299082096
:101E1000C8601BE002991020C86017E002990820F2
:101E2000086113E00299102008610FE00299082070
:101E300048600BE002991020486007E0029940F2E8
:101E40000110C0F20100886000E0FFE703B07047B6
:101E500084B00390029100208DF8070002980138A9
:101E600001460091102800F2BB800099DFE801F0E4
:101E70000910171E2D343B4249575E65737A8188DD
:101E80009D000398806900F001008DF80700ABE029
:101E900003988069C0F340008DF80700A4E0039820
:101EA0008069C0F380008DF807009DE00398806989
:101EB0000009400720B1FFE701208DF8070003E08B
:101EC00000208DF80700FFE78EE003984068C0F31C
:101ED00080008DF8070087E00398806800F001001B
:101EE0008DF8070080E003988068C0F300208DF82B
:101EF000070079E003988068C0F300408DF8070080
:101F000072E00398C068800720B1FFE701208DF8D8
:101F1000070003E000208DF80700FFE764E0039866
:101F2000C068C0F3C0008DF807005DE00398C0688A
:101F3000C0F300108DF8070056E003980069800791
:101F400020B1FFE701208DF8070003E000208DF8A5
:101F50000700FFE748E003980069C0F3C0008DF870
:101F6000070041E003980069C0F300108DF80700F6
:101F70003AE003984068C0F3C0008DF8070033E0F2
:101F8000039840684008C00730B9FFE703984068ED
:101F90000009C00720B1FFE701208DF8070003E02A
:101FA00000208DF80700FFE71EE003988068800E90
:101FB000C00760B9FFE703988068C00EC00730B95A
:101FC000FFE703988068000FC00720B1FFE70120FA
:101FD0008DF8070003E000208DF80700FFE703E01D
:101FE00000208DF80700FFE79DF8070004B0704758
:101FF00082B00190002000900198006820F07C40A1
:1020000040F60101C0F2772188420DD1FFE7019827
:10201000007BFF2807D1FFE70198407B18B9FFE755
:1020200001200090FFE7FFE7009802B07047000032
:1020300080B584B003908DF80B10019203989DF841
:102040000B1000EB0110D0F8B001C0F38000019933
:1020500008720198007A0146009120B1FFE70098CC
:1020600001280BD015E003989DF80B1000EB011030
:10207000D0F8B001400D019908600BE003989DF87D
:102080000B1000EB0110D0F8B001C00801994860B6
:1020900000E0FFE703989DF80B1000EB0110D0F86B
:1020A000B001C0F340000199487203989DF80B10ED
:1020B00000EB0110D0F8B40100F00F000199887214
:1020C00003989DF80B1000EB0110D0F8B401000A42
:1020D0000199C87403989DF80B1000EB0110D0F81B
:1020E000B8010199C87203989DF80B1000EB01101C
:1020F000D0F8B801000A0199087303989DF80B10F5
:1021000000EB0110D0F8B801000C01994873039856
:102110009DF80B1000EB0110D0F8B801000E0199EA
:10212000887303989DF80B1000EB0110D0F8BC01E8
:102130000199C87303989DF80B1000EB0110D0F8BB
:10214000BC01000A0199087403989DF80B1000EB7C
:102150000110D0F8BC01000C0199487403989DF857
:102160000B1000EB0110D0F8BC01000E019988742F
:1021700003989DF80B1000F00DF904B080BD00002D
:1021800084B00390029104208DF8070003988068C2
:10219000800EC00720B1FFE700208DF8070019E08E
:1021A00003988068C00EC00720B1FFE701208DF8BA
:1021B00007000EE003988068000FC00720B1FFE71A
:1021C00002208DF8070003E004208DF80700FFE7E8
:1021D000FFE7FFE79DF80700042800F08480FFE791
:1021E00003989DF8071000EB0111D1F8800100F071
:1021F0000100C1F880010298027A03989DF8071047
:1022000000EB0111D1F8800102F0010220F004007E
:1022100040EA8200C1F880010298007A01460091EC
:1022200020B1FFE70098012810D01DE00298026855
:1022300003989DF8071000EB0111D1F880016FF3AE
:102240005F5040EA4250C1F880010EE002984268B7
:1022500003989DF8071000EB0111D1F8800140EAC6
:10226000C200C1F8800100E0FFE70298427A0398BB
:102270009DF8071000EB0111D1F8800102F0010276
:1022800020F0020040EA4200C1F880010298827A00
:1022900003989DF8071000EB0111D1F8840162F357
:1022A0000300C1F884010298D0F80B0003999DF84F
:1022B000072001EB0211C1F888010298D0F80F0045
:1022C00003999DF8072001EB0211C1F88C010398D6
:1022D0009DF8071000EB0111D1F8800140F00100DA
:1022E000C1F88001FFE79DF8070004B070470000C7
:1022F00080B588B08DF81F000691002005909DF8EC
:102300001F1046F20040C4F200006A46FFF790FE3C
:102310009DF80900D0BBFFE79DF80800012807D110
:10232000FFE706990120486001980699086006E0D9
:10233000069900204860009806990860FFE79DF81C
:102340000A00069988609DF80B00069908739DF8AD
:102350000C00069948739DF80D00069988739DF846
:102360000E000699C8739DF80F00069908749DF831
:102370001000069948749DF81100069988749DF81C
:1023800012000699C87401200590FFE7059808B06F
:1023900080BD000083B002908DF807109DF8070003
:1023A0000146009120B1FFE70098012804D007E022
:1023B00002992020C86004E002992020086100E012
:1023C000FFE703B07047000080B594B013901398F6
:1023D0004068012852D1FFE749F2C470C0F60000FE
:1023E000C06802691398CF219047012808D1FFE700
:1023F00049F2C470C0F60000C068406980473CE004
:1024000049F2C470C0F60000806882681398CF213A
:102410009047012824D1FFE749F63B11C0F600019F
:1024200049F64812C0F6000249F64213C0F600030E
:1024300003A8019006F0DCFC0198FDF70AFF019B60
:10244000029049F2C470C0F600008068D0F80CC059
:102450000298694608600620CF210222E0470BE07F
:102460001398FFF7C5FD012805D1FFE704F0F2FC42
:10247000FFE700BFFDE7FFE7FFE7FFE714B080BD20
:1024800080B588B00790079818B1FFE707980090CB
:1024900003E04FF4FA700090FFE7009806900022E6
:1024A000059204920392029201924020142105F0B9
:1024B00089FA40F29C51C2F200010860FFE740F245
:1024C0009C50C2F200000068069A01A905F096FD32
:1024D00001280AD1FFE701A8FFF776FF40F280014B
:1024E000C2F200010120C86206E040F28001C2F29F
:1024F00000010020C862FFE7E1E7000080B588B076
:102500000790002006900798806800284BD3FFE7CB
:1025100007988068082846D8FFE7079880688DF8F4
:102520000E0000208DF80D0007984068012807D1A3
:10253000FFE701208DF80C0007980068029006E084
:1025400000208DF80C00079800680190FFE70798BD
:10255000007B8DF80F000798407B8DF810000798DE
:10256000807B8DF811000798C07B8DF812000798CA
:10257000007C8DF813000798407C8DF814000798B4
:10258000807C8DF815000798C07C8DF8160046F207
:102590000040C4F2000001A9FFF7F2FD043818BFA3
:1025A00001200690FFE7069808B080BD80B588B08E
:1025B0000790079818B1FFE70798009002E0012004
:1025C0000090FFE700980690002205920492039283
:1025D000029201924020142105F0F4F940F60821FE
:1025E000C2F20001086049F66C00C0F600004068C5
:1025F0008047FFE740F60820C2F20000006801A90A
:102600004FF0FF3205F0FAFCFFE749F2D470C0F654
:1026100000004068016801A88847012804D0FFE74E
:10262000069804F069FAF0E7E4E7000081B08DF85D
:1026300003009DF8030000F0030241F20401C4F21C
:102640000201086820F4404040EA823008609DF8AA
:1026500003200868920862F31C70086001B070479C
:1026600081B08DF803009DF8032041F20401C4F20B
:102670000201086802F00F0220F0F00040EA0210A8
:10268000086001B07047000081B08DF803009DF82C
:10269000032041F20401C4F20201086802F00702BB
:1026A00020F4E06040EA0220086001B070470000BA
:1026B00081B08DF803009DF8032041F20401C4F2BB
:1026C0000201086802F0070220F4605040EAC220CC
:1026D000086001B07047000081B08DF803009DF8DC
:1026E0000300012809D1FFE741F25401C4F20201BD
:1026F000086840F03000086008E041F25401C4F27C
:102700000201086820F030000860FFE701B0704760
:1027100082B08DF807008DF806109DF8070001467D
:102720000091042844D80099DFE801F0030E1D2C25
:1027300037009DF8062041F20001C4F2020108684A
:1027400062F30000086034E09DF8062041F20001C9
:10275000C4F20201086802F0010220F4803040EA6D
:102760000240086025E09DF8062041F20001C4F215
:102770000201086802F0010220F0807040EA026065
:10278000086016E09DF8062041F22001C4F2020123
:10279000086862F3000008600BE09DF8062041F233
:1027A0002401C4F20201086862F30000086000E03E
:1027B000FFE702B07047000080B58EB00D9000209A
:1027C00001900C900B900A90099008900790069049
:1027D0000590049000F008FB8DF80F009DF80F00A5
:1027E0000146029140B1FFE70298012825D0FFE79A
:1027F0000298022828D0C1E041F25400C4F202003D
:102800000068400AC00780B1FFE741F23000C4F21F
:1028100002000068400EC00738B1FFE70D9946F688
:102820000040C0F2DC20086006E00D9941F2002073
:10283000C0F27A000860FFE7A7E00D9942F200407D
:10284000C0F2F4000860A0E041F20400C4F202000B
:102850000068C0F300400A9041F22C00C4F202006C
:1028600001680020B0EBD17F47D1FFE741F20400BF
:10287000C4F202000168C1F383410C910068C0F307
:1028800041700B900B9820B9FFE70C980F2807D1E7
:10289000FFE70B990C9800EB011001300C9003E05E
:1028A0000C9802300C90FFE70A9848B9FFE70C98A3
:1028B00040F60011C0F23D0148430D9908601BE04D
:1028C00041F20400C4F202000068400CC00748B1A5
:1028D000FFE70C9841F20021C0F27A0148430D99BC
:1028E000086008E00C9842F20041C0F2F40148434D
:1028F0000D990860FFE7FFE73FE041F22C00C4F2CA
:1029000002000168C1F3031106910168C1F30821B7
:102910000591006800F0070004900A9830B9FFE7BD
:1029200040F60010C0F23D00079015E041F20400AF
:10293000C4F202000068400CC00730B1FFE741F26A
:102940000020C0F27A00079005E042F20040C0F299
:10295000F4000790FFE7FFE707980599A0FB010146
:10296000069ADDF810C0012303FA0CF35A43002342
:10297000FDF71AFC0D990860FFE706E00D9941F29A
:102980000020C0F27A000860FFE741F20400C4F2C0
:1029900002000168C1F303110991099A49F638014F
:1029A000C0F60001895C08910D9A1168089BD94016
:1029B00051600168C1F302210991099A49F6280181
:1029C000C0F60001895C08910D9A5168089BD940B6
:1029D000D1600168C1F3C2210991099A49F6300119
:1029E000C0F60001895C08910D9A5168089BD94096
:1029F00091600168C1F30071099109990068C0F301
:102A0000813040EA81000990099949F62000C0F61A
:102A10000000405C08900D998868089AB0FBF2F0BD
:102A200008610EB080BD000082B0019000208DF8DA
:102A30000300BDF8060041F20001C4F20201405853
:102A4000019901F01F01C840C00720B9FFE700202D
:102A50008DF8030003E001208DF80300FFE79DF8E7
:102A6000030002B07047000080B584B000200390DE
:102A70008DF80B00FFE71120FFF7D6FF014600207D
:102A80000129019008D0FFE703990020B1F5405FCC
:102A900038BF01200190FFE70198C00720B1FFE790
:102AA000039801300390E6E71120FFF7BDFF0128EE
:102AB00004D0FFE700208DF80B0003E001208DF823
:102AC0000B00FFE79DF80B0004B080BD82B00190C1
:102AD0008DF803109DF8030001280FD1FFE701983E
:102AE00000F01F02012101FA02F3010C41F2000281
:102AF000C4F202028858184388500EE0019800F092
:102B00001F02012101FA02F3010C41F20002C4F29A
:102B10000202885898438850FFE702B070470000CF
:102B200083B08DF80B008DF80A10002001908DF80D
:102B300003009DF80B00B0B9FFE741F20401C4F2B5
:102B40000201086820F48030086040F60010C0F2EE
:102B50003D00019041F23001C4F20201086840F0EA
:102B60000070086029E041F20401C4F20201086823
:102B700040F4803008609DF80B0001280ED1FFE77B
:102B800042F20040C0F2F400019041F20401C4F2AC
:102B90000201086820F4003008600DE041F20020D6
:102BA000C0F27A00019041F20401C4F20201086807
:102BB00040F400300860FFE7FFE7019848F2612128
:102BC000C0F23B0188420CD3FFE7019844F63F3145
:102BD000C0F24C01884204D8FFE700208DF80300C2
:102BE00068E0019845F68101C0F24F0188420CD39C
:102BF000FFE7019845F60F61C0F25F01884204D8F3
:102C0000FFE701208DF8030053E0019843F295514E
:102C1000C0F2770188420CD3FFE7019841F60F31EB
:102C2000C0F27F01884204D8FFE702208DF803003C
:102C30003EE0019841F61131C0F27F0188420CD389
:102C4000FFE701984BF61F41C0F2BE01884204D84D
:102C5000FFE703208DF8030029E0019846F62931AB
:102C6000C0F2EE0188420CD3FFE701984DF22F71BC
:102C7000C0F23D11884204D8FFE704208DF803001C
:102C800014E001984DF23171C0F23D1188420CD32D
:102C9000FFE701984EF6D711C0F2DC11884204D844
:102CA000FFE705208DF80300FFE7FFE7FFE7FFE7F9
:102CB000FFE7FFE79DF80A0000F00F0241F2040170
:102CC000C4F20201086820F4701040EA82400860F3
:102CD0009DF80A0000F03002086820F0C04040EA89
:102CE000426008609DF8032041F22C01C4F2020109
:102CF000086802F0070220F0E06040EA0260086025
:102D000003B0704741F20001C4F20201086840F0CC
:102D100001000860FFE741F20000C4F20200006811
:102D2000C0F34000012801D0FFE7F4E741F20401BD
:102D3000C4F20201086820F003000860FFE741F2D6
:102D40000400C4F2020000688008800708B1FFE7B1
:102D5000F5E741F20001C4F2020108684FF6FF7284
:102D6000CFF6F2621040086041F20401C4F20201A1
:102D70000020086041F22C01C4F2020141F61070FB
:102D8000086041F23001C4F202014FF48010086083
:102D900041F20801C4F202014FF41F0008607047BD
:102DA00081B08DF803009DF8032041F20401C4F2C4
:102DB0000201086862F30100086000BF00BF00BFA5
:102DC00000BF00BF00BF00BF00BF00BF00BF00BF0B
:102DD00000BF00BF00BF00BF00BF00BF00BF00BFFB
:102DE00000BF01B07047000041F20400C4F20200CD
:102DF0000068C0F38100704780B582B0019040F256
:102E00008000C2F200003021FDF718FA4FF49670EE
:102E100003F072FE49F2A070C0F60000006880471F
:102E2000FFE749F2A070C0F6000040688047F8E76D
:102E300082B001908DF803109DF803200199086875
:102E400062F30000086002B07047000081B000909B
:102E50000099002008600099486000990881009955
:102E60004881009908730099487300998873009904
:102E7000C873009908740099487401B07047000045
:102E800082B001908DF803108DF802200198D0F8DF
:102E9000A400000EC00740B9FFE70199D1F8A400D3
:102EA00040F08070C1F8A400FFE79DF803000128FE
:102EB0000BD1FFE79DF802200199D1F8A00020F086
:102EC000FF001044C1F8A0006AE09DF8030002284A
:102ED0000CD1FFE79DF802200199D1F8A00020F461
:102EE0007F4040EA0220C1F8A00058E09DF80300AE
:102EF00003280CD1FFE79DF802200199D1F8A0002A
:102F000020F47F0040EA0240C1F8A00046E09DF8AE
:102F1000030004280CD1FFE79DF802200199D1F8A5
:102F2000A00020F07F4040EA0260C1F8A00034E039
:102F30009DF8030005280BD1FFE79DF802200199B9
:102F4000D1F8A40020F0FF001044C1F8A40023E051
:102F50009DF8030006280CD1FFE79DF80220019997
:102F6000D1F8A40020F47F4040EA0220C1F8A40078
:102F700011E09DF8030007280CD1FFE79DF802201F
:102F80000199D1F8A40020F47F0040EA0240C1F882
:102F9000A400FFE7FFE7FFE7FFE7FFE7FFE7FFE743
:102FA00002B0704782B001900091019908684BF619
:102FB000EF72104008600098028901990868104378
:102FC00008600098427C0199086802F0030220F42E
:102FD000405040EA023008600098C27B01990868BE
:102FE00002F0030220F4406040EA8220086000986A
:102FF000827B0199086802F0030220F4407040EAE5
:10300000022008600098427B0199086802F00102E2
:1030100020F0800040EAC21008600098027B01990D
:10302000086802F0010220F0400040EA82100860C7
:103030000098027C0199086802F0010220F020004B
:1030400040EA421008600098408901994860009861
:10305000006801998860009840680199C86002B0D2
:103060007047000082B0019000200090019A116822
:1030700021F00101116001990860019948600199EE
:1030800088600199C86001980090009800F49F60E2
:10309000C008802817D8FFE79DF8000008384CF6D4
:1030A000CD41CCF6CC41A0FB01016FF0030000EA5A
:1030B00091010F2000FA01F20421C4F20201086814
:1030C000104308601FE0009800F49F60C00890283B
:1030D00018D8FFE79DF8000008384CF6CD41CCF633
:1030E000CC41A0FB01016FF0030000EA91010F2029
:1030F00000FA01F240F20441C4F2020108681043F0
:103100000860FFE7FFE702B07047000080B50C20C1
:10311000012104F095FB80BD80B586B040F2B0017E
:10312000C2F2000145F60000C4F20000086040F65B
:103130000040C4F2010000904FF4804100F0FEF91D
:1031400000980221019100F003FA0120059000216E
:10315000029104F075FB0198029904F071FB059946
:10316000042004F06DFB0299052004F069FB02992C
:103170000D2004F065FB02990E2004F061FB02991A
:103180000F2004F05DFB0299102004F059FB13207E
:10319000642104F055FB1A20039002F037FD01462C
:1031A000039801F07F0104F04BFB1D20049002F016
:1031B0002DFD0146049841F0200104F041FB0598E3
:1031C00006B080BD80B582B08DF807009DF807106D
:1031D000032004F035FB02B080BD000080B582B052
:1031E0008DF807009DF80710012004F029FB02B0BC
:1031F00080BD000080B582B08DF807009DF80710F3
:10320000022004F01DFB02B080BD000080B582B03A
:103210008DF807008DF806109DF8070004309DF822
:103220000610C0B204F00CFB02B080BD80B50C20CB
:10323000002104F005FB80BD80B582B01A2001900A
:1032400002F0E4FC0146019801F07F0104F0F8FA75
:1032500002B080BD80B582B01A20019002F0D6FC89
:103260000146019841F0800104F0EAFA02B080BD05
:1032700080B584B00390039818B1FFE703980190DC
:1032800002E032200190FFE701980290FFE70298E8
:1032900003F032FCFBE7000081B000900098C0F31F
:1032A000112001B07047000080B582B0002001906D
:1032B00049F66C00C0F60000C1689820884701906C
:1032C000019802B080BD000080B584B003908DF8F5
:1032D0000B100020019049F68400C0F600004268FF
:1032E00003989DF80B109047012810D1FFE7039930
:1032F0008889897B40EA0140009000984FF68071F0
:10330000884203D1FFE701200190FFE7FFE7019822
:1033100004B080BD80B58AB0099000200890079065
:10332000FFE7079804283ED8FFE7079800EB400125
:1033300040F20000C2F2000050F8210009998842D2
:103340002CD1FFE7079800EB400140F20000C2F2E9
:10335000000000EB81008068F8B1FFE700200690D4
:103360000590049003900290079901EB410240F20E
:103370000001C2F2000101EB82018860079802A9F6
:103380000191FEF77DFA019849F2A071C0F60001A3
:103390000969496888470890FFE704E0FFE7079854
:1033A00001300790BDE708980AB080BD80B58EB0A7
:1033B00000200D900C90FFE70C98042827D8FFE719
:1033C0000C9800EB400140F20000C2F2000000EB5C
:1033D00081008068012815D1FFE700200B900A903A
:1033E0000990089007900C9807A90191FEF748FAF8
:1033F000019849F2A071C0F600010969496888473F
:103400000D90FFE7FFE70C9801300C90D4E70D9882
:10341000A8B9FFE700200690059004900390029061
:10342000052002A90091FEF72BFA009849F2A0713D
:10343000C0F600010969496888470D90FFE70D98BB
:103440000EB080BD80B58AB0099008910020079029
:103450000690FFE70698042855D8FFE7069800EB8A
:10346000400140F20000C2F2000050F8210009992A
:10347000884243D1FFE7069800EB400140F200008C
:10348000C2F2000000EB81004068089988420DD12B
:10349000FFE7069800EB400140F20000C2F2000096
:1034A00000EB81008068012827D0FFE7002005900D
:1034B00004900390029001900899069800EB400256
:1034C00040F20000C2F2000000EB82025160069957
:1034D00001EB410100EB810101208860069801A900
:1034E0000091FEF7CDF9009849F2A071C0F60001F5
:1034F0000969496888470790FFE704E0FFE70698F5
:1035000001300690A6E707980AB080BD80B582B06A
:1035100040F27001C2F2000168464160002303607E
:1035200042F6F950C0F6000049F6D001C0F600019D
:10353000802204F0D1FF02B080BD000082B0019073
:10354000ADF80210BDF802000199486102B0704761
:1035500082B00190ADF80210BDF802000199086137
:1035600002B0704781B0009000994FF6FF7008607C
:103570000099002088710099087100990420487111
:1035800000990120C87101B07047000084B0039019
:10359000029102980068ADF8000002988079032833
:1035A00004D1FFE70020ADF802002FE002988079F7
:1035B000E0B9FFE70298407900F00F00ADF8020093
:1035C00002984079182805D1FFE7BDF8000003995B
:1035D00008610AE002984079282805D1FFE7BDF884
:1035E000000003994861FFE7FFE70EE002990A79BE
:1035F0008879C97900F0080002F00402104401F053
:1036000003010844ADF80200FFE7FFE79DF8000062
:1036100040B3FFE700200190FFE70198072820D87A
:10362000FFE70199BDF80000C840C007A0B1FFE75F
:10363000019881000F2000FA01F203990868904375
:103640000860BDF802000199890000FA01F20399AF
:10365000086810430860FFE7FFE701980130019018
:10366000DBE7FFE7BDF80000B0F5807F2CDBFFE76C
:103670009DF80100ADF8000000200190FFE70198DF
:10368000072820D8FFE70199BDF80000C840C0070F
:10369000A0B1FFE7019881000F2000FA01F2039921
:1036A000486890434860BDF802000199890000FA1B
:1036B00001F20399486810434860FFE7FFE701986B
:1036C00001300190DBE7FFE704B0704782B0019062
:1036D000ADF8021000208DF80100BDF8020001993C
:1036E00089680140884204D0FFE700208DF801007E
:1036F00003E001208DF80100FFE79DF8010002B012
:103700007047000085B004908DF80F109DF81300ED
:103710000021C4F2010108430290BDF812008DF8A7
:1037200003000498000A8DF8020004988DF8010047
:103730009DF802009DF803100844C0F120014FF0ED
:10374000FF308840019001989DF802109DF80320F9
:103750001144C1F12001C840019001989DF8031067
:10376000C840019001989DF8031088400190019A8B
:1037700002990868904308609DF80F0058B1FFE770
:103780009DF801009DF8031000FA01F20299086803
:1037900010430860FFE705B07047000080B584B0B3
:1037A0000390039818B1FFE70398019002E0052009
:1037B0000190FFE701980290FFE702984FF47A71B9
:1037C000484344F6D351C1F26201A0FB01108009C5
:1037D00003F092F9F1E7000082B001908DF8031038
:1037E0008DF802209DF8020038B9FFE79DF803002C
:1037F00000F0FE000199086106E09DF8030040F02A
:10380000010001990861FFE702B0704782B00190A2
:103810008DF803109DF803200199086802F0010259
:1038200020F4806040EA8220086002B07047000007
:1038300082B001908DF803109DF80300B0FA80F07B
:1038400042090199086820F0800040EAC21008602F
:1038500002B0704781B0009000980069C0B201B01A
:103860007047000082B001908DF803109DF80300AE
:103870000199086102B0704782B001908DF8031081
:103880009DF803200199086862F30000086002B007
:103890007047000082B001900091BDF8000080F4F4
:1038A0005F4042F2FF010843019948619DF8000022
:1038B0008007002805D5FFE70198406901988069D5
:1038C000FFE79DF80000C006002808D5FFE7019833
:1038D00040690199086840F001000860FFE702B004
:1038E0007047000085B00390029100200190009085
:1038F0000298000F0190029820F07F4002900198FA
:1039000020B9FFE703984069009006E0BDF80A007F
:103910000290039880690090FFE70098029908429E
:1039200004D0FFE701208DF8130003E000208DF89C
:103930001300FFE79DF8130005B0704782B00190B7
:103940008DF803109DF803200199086802F0010228
:1039500020F0400040EA8210086002B0704700008A
:1039600080B58AB009908DF8231007920020069048
:10397000ADF81600ADF814000999086820F00100B0
:1039800008606846FEF718FF099845F20041C4F246
:103990000001884208D0FFE7099845F60001C4F20B
:1039A0000001884203D1FFE703980690FFE70698DD
:1039B0004DF68361C4F21B31A0FB0110800CADF801
:1039C0001600BDF816200999486862F307004860A0
:1039D000079848F2A061C0F20101884232D8FFE79F
:1039E000069807994900B0FBF1F0ADF81400BDF856
:1039F0001400032804DCFFE70420ADF81400FFE7FF
:103A0000BDF814200999C86962F30B00C8610999CF
:103A1000C86920F40040C861BDF816000130402894
:103A200006DBFFE70999086A40F03F00086208E0FA
:103A3000BDF81600421C0999086A62F30500086285
:103A4000FFE764E09DF8230070B9FFE70698079947
:103A500001EB4101B0FBF1F0ADF814000999C86920
:103A600020F48040C8610DE006980799192251435F
:103A7000B0FBF1F0ADF814000999C86940F480403A
:103A8000C861FFE7BDF8140020B9FFE70120ADF8D9
:103A90001400FFE7BDF814200999C86962F30B0010
:103AA000C8610999C86940F40040C861079841F6A7
:103AB0008021C0F20601884214D8FFE7BDF8160045
:103AC0004FF49671484344F6BB11C0F20C21A0FBA1
:103AD0000101012000EBD1020999086A62F3050097
:103AE000086213E0BDF81600C0EB0010C00041F200
:103AF0006F21C0F28301A0FB0101012000EB510204
:103B00000999086A62F305000862FFE7FFE70AB057
:103B100080BD000080B586B00490ADF80E10029212
:103B20000498006801210191FFF770FE0498006875
:103B300000F082FB01990498029B002200F090FBA8
:103B400030B1FFE704990D2008768DF817006EE07C
:103B5000049800688068C00BC00740B9FFE704986C
:103B600000689DF80E100122FFF736FE4DE0049824
:103B70000068BDF80E1001F44071C909F031FFF77B
:103B800071FE0498029B0821012200F069FB30B10C
:103B9000FFE704990E2008768DF8170047E0049897
:103BA00000689DF80E10FFF75DFE0498029B02214D
:103BB000012200F055FB30B1FFE704990F20087691
:103BC0008DF8170033E0049800680221FFF762FEC9
:103BD0000498006800F030FB0498029B0121002249
:103BE00000F03EFB30B1FFE704990D2008768DF818
:103BF00017001CE004980068BDF80E1001F4407135
:103C0000C909F131FFF72EFEFFE70498029B02215C
:103C1000012200F025FB30B1FFE704990F20087660
:103C20008DF8170003E000208DF81700FFE79DF8DE
:103C3000170006B080BD000082B001908DF803101F
:103C40009DF803200199086802F0010220F4006049
:103C500040EAC220086002B07047000080B584B01E
:103C60000290ADF8061000920298006800F0E4FAA5
:103C70000298009B0121002200F0F2FA30B1FFE728
:103C800002990D2008768DF80F003FE00298006839
:103C90008068C00BC00740B9FFE7029800689DF834
:103CA00006100022FFF798FD1EE002980068BDF89C
:103CB000061001F44071C909F031FFF7D3FD0298F5
:103CC000009B0821012200F0CBFA30B1FFE70299F6
:103CD0000E2008768DF80F0018E0029800689DF815
:103CE0000610FFF7BFFDFFE70298009B02210122AB
:103CF00000F0B6FA30B1FFE702990F2008768DF890
:103D00000F0003E000208DF80F00FFE79DF80F0083
:103D100004B080BD80B586B004908DF80F10ADF86A
:103D20000C2002939DF80F00012807D1FFE70498AB
:103D300000689DF80C10FFF795FD21E004980068DD
:103D40009DF80D10FFF78EFD0498029B8021012243
:103D500000F086FA8DF807009DF8070048B1FFE7EC
:103D60000498006800F072FA9DF807008DF81700BB
:103D70000AE0049800689DF80C10FFF773FDFFE758
:103D800000208DF81700FFE79DF8170006B080BDF2
:103D900080B586B084460A980998DDF820E0CDF811
:103DA00010C08DF80F10ADF80C20ADF80A30ADF84A
:103DB0000800089804994860BDF808000499088133
:103DC00004980022027604980A9B0021C1F20201A5
:103DD00000F046FA20B1FFE701208DF817006CE1F2
:103DE000049800680021FFF727FF0498006801216C
:103DF000FFF70CFD0498BDF80C100A9AFFF72EFF90
:103E000040B1FFE70498006800F020FA02208DF826
:103E1000170052E1049800680221FFF73BFD049867
:103E20000A9B8021012200F01BFA40B1FFE70498B1
:103E3000006800F00BFA03208DF817003DE10498AC
:103E40009DF80F10BDF80A200A9BFFF763FF20B111
:103E5000FFE704208DF817002FE104980A9B8021CA
:103E6000012200F0FDF940B1FFE70498006800F07E
:103E7000EDF905208DF817001FE10498BDF80C102E
:103E80000A9AFFF747FE40B1FFE70498006800F088
:103E9000DDF906208DF817000FE1BDF808000128B4
:103EA0000FD1FFE7049800680021FFF7AFFC0498EA
:103EB00000680221FFF7EEFC0498006800F0C6F9E4
:103EC00020E0BDF80800022810D1FFE70498006840
:103ED0000121FFF7B1FE049800680221FFF7DAFC28
:103EE000049800680021FFF791FC0AE0049800683C
:103EF0000121FFF78BFC049800680221FFF7CAFC40
:103F0000FFE7FFE7FFE7BDF808000128C0F2D18016
:103F1000FFE7BDF80800032800F3AC80FFE7BDF819
:103F2000080001281ED1FFE704980A9B40210022C7
:103F300000F096F940B1FFE70498006800F086F9B8
:103F400007208DF81700B8E004980068FFF782FC9E
:103F500008994A1C08920870BDF808000138ADF8AD
:103F6000080086E0BDF8080002282FD1FFE704987A
:103F70000A9B0421002200F073F940B1FFE7049886
:103F8000006800F063F908208DF8170095E00498A8
:103F9000006800F05BF904980068FFF75BFC089983
:103FA0004A1C08920870BDF808000138ADF80800F6
:103FB00004980068FFF74EFC08994A1C08920870A4
:103FC000BDF808000138ADF8080051E004980A9BDC
:103FD0000421002200F044F940B1FFE70498006892
:103FE00000F034F909208DF8170066E004980068A5
:103FF00000210191FFF70AFC04980068FFF72AFCF2
:10400000019A08994B1C08930870BDF80800013804
:10401000ADF8080004980A9B042100F021F940B192
:10402000FFE70498006800F011F90A208DF81700E6
:1040300043E00498006800F009F904980068FFF76D
:1040400009FC08994A1C08920870BDF8080001385C
:10405000ADF8080004980068FFF7FCFB08994A1CBB
:1040600008920870BDF808000138ADF80800FFE7B5
:10407000FFE71DE004980A9B4021002200F0F0F8C1
:1040800040B1FFE70498006800F0E0F80B208DF8DD
:10409000170012E004980068FFF7DCFB08994A1C3F
:1040A00008920870BDF808000138ADF80800FFE775
:1040B00029E700208DF81700FFE79DF8170006B0EC
:1040C00080BD000080B584B0844608980798DDF86C
:1040D00018E0CDF808C08DF80710ADF80420ADF851
:1040E0000230ADF80000069802994860BDF8000063
:1040F000029908810298002202760298089B00210A
:10410000C1F2020100F0ACF820B1FFE701208DF808
:104110000F0073E0029800680021FFF78DFD029800
:10412000BDF80410089AFFF799FD40B1FFE7029827
:10413000006800F08BF802208DF80F005EE0029816
:1041400000680221FFF7A6FB0298089B802101224C
:1041500000F086F840B1FFE70298006800F076F8BA
:1041600003208DF80F0049E002989DF80710BDF874
:104170000220089BFFF7CEFD20B1FFE704208DF859
:104180000F003BE0FFE7BDF8000001281EDBFFE762
:104190000298089B8021012200F062F840B1FFE7FD
:1041A0000298006800F052F805208DF80F0025E015
:1041B0000298006806994A1C06920978FFF752FB9C
:1041C000BDF800000138ADF80000DCE70298089B5C
:1041D0000421012200F044F840B1FFE70298006892
:1041E00000F034F806208DF80F0007E00298006810
:1041F00000F02CF800208DF80F00FFE79DF80F006D
:1042000004B080BD82B001908DF80310ADF800209D
:104210009DF803200199886802F0010220F4004013
:1042200040EAC2308860BDF800200199886862F3D6
:104230000900886002B0704781B00090009908685A
:1042400040F48070086001B07047000081B00090B9
:104250000099086840F40070086001B070470000E1
:1042600080B586B0049003910292019303980021D7
:10427000C1F20201884215D1FFE7FFE70498006808
:104280000399FFF72FFB60B1FFE70198411E0191F1
:1042900030B9FFE70499122008768DF8170053E033
:1042A000ECE74DE0FFE7049800680399FFF71AFB7D
:1042B000002844D1FFE79DF80800C007C8B1FFE718
:1042C000049800684FF48061FFF70CFB80B1FFE7B2
:1042D00004980068FFF7BAFF049800684FF4806103
:1042E000FFF7D8FA0499112008768DF817002BE013
:1042F000FFE79DF808008007002814D5FFE7049821
:1043000000681021FFF7EEFA60B1FFE7049800683B
:1043100010210091FFF7BEFA0098049908768DF8F5
:10432000170011E0FFE70198411E019130B9FFE746
:104330000499122008768DF8170005E0B3E7FFE72F
:1043400000208DF81700FFE79DF8170006B080BD2C
:1043500080B584B003908DF80B1000200190039875
:104360000068FEF799FFADF80200BDF802004EF6B6
:10437000FF21884208D0FFE7BDF802009DF80B102E
:104380000143884203D1FFE701200190FFE7019834
:1043900004B080BD80B584B003908DF80B10002070
:1043A000019003980068FEF777FFADF80200BDF8B2
:1043B00002004EF6FF21884208D0FFE7BDF8020058
:1043C0009DF80B10014388420BD1FFE70398C068AA
:1043D0004FF6DA61884203D1FFE701200190FFE741
:1043E000FFE7019804B080BD80B596B0DDF860C0ED
:1043F00015908DF853108DF8522013939DF85200AC
:104400008DF80B000DF10B00019001301399189AF3
:10441000FBF7FBFE019B15989DF85310189A01328B
:10442000EC46CCF800204FF6DA6201F06DFF16B0D2
:1044300080BD000080B582B0019000200090019AFC
:1044400049F6A800C0F6000000EBC20150F83200A7
:104450008988FFF73BF9012803D1FFE7012000908D
:10446000FFE7009802B080BD80B582B00190019A4C
:1044700049F2F070C0F6000000EBC20150F83200C3
:104480008988FFF75BF802B080BD000080B582B07C
:104490000190019A49F2F070C0F6000000EBC201F1
:1044A00050F832008988FFF753F802B080BD000051
:1044B00080B5A8B0279003208DF89B00FF208DF8D1
:1044C0009A0040208DF89900082000908DF89800FF
:1044D00049F2F461C0F600010DF113008522FBF7EB
:1044E00094FE0099279A00201061D060906050607F
:1044F0001060279B01225A60279A916049F2A071AF
:10450000C0F600010969097844F20002C0F6FF42D2
:104510001143279A11600390FFE70398122845D8AA
:10452000FFE700208DF80B000398C0EBC0010DF1F0
:104530001300014440F27400C2F200004A78C978C6
:10454000805CC840C00720B1FFE702208DF80B0057
:1045500015E00398C0EBC0020DF113008118825CD6
:1045600040F27400C2F20000805C8978C840C00745
:1045700020B1FFE701208DF80B00FFE7FFE79DF872
:104580000B100398C0EBC0020DF113000244107928
:104590005279013A01FA02F227990144C87A10438C
:1045A000C872FFE7039801300390B6E727981230EE
:1045B0000190019945F2AA50088028B080BD000002
:1045C00080B58CB00B900B9818B1FFE70B98089052
:1045D00002E005200890FFE708980A9040F26C017D
:1045E000C2F2000100200860FFE740F26C00C2F256
:1045F00000000068052824D8FFE749F2D470C0F60F
:1046000000008068016840F26C00C2F20000079070
:104610000068884707990B6840F2A052C2F2000276
:104620000020D0540A6840F27401C2F2000188549C
:10463000FFE740F26C01C2F2000108680130086037
:10464000D3E70120069000210591032203F0BAF977
:10465000059A0146069845F6F423C2F20003196054
:1046600069464A60086044F61D00C0F6000049F63D
:104670002811C0F600014FF48072052303F02CFFCF
:10468000FFE740F26C01C2F2000100200860FFE782
:1046900040F26C00C2F200000068052800F2BD8004
:1046A000FFE7002004908DF8270049F2D470C0F68F
:1046B00000008068416840F26C00C2F200000068AF
:1046C00088470A984FF47A71484344F6D351C1F2AF
:1046D0006201A0FB0110800902F00EFA049840F27A
:1046E0009851C2F200010860FFE740F29850C2F210
:1046F00000000068042834D8FFE749F2D470C0F6FF
:1047000000008068816840F29850C2F200000068A2
:10471000884701280ED1FFE740F29850C2F200000E
:104720000168012000FA01F19DF8270088438DF807
:1047300027000DE040F29850C2F20000016801200D
:1047400000FA01F19DF8270008438DF82700FFE7E4
:10475000FFE740F29851C2F200010868013008609A
:10476000C3E749F2D470C0F600008068016840F2E7
:104770006C00C2F2000003900068884703999DF81E
:1047800027000A6840F2A051C2F20001895C884209
:104790002DD1FFE740F26C00C2F20000026840F247
:1047A000A050C2F20000805C40F27401C2F200012D
:1047B000895C88421AD0FFE740F26C00C2F2000028
:1047C000026840F2A050C2F20000805C40F2740126
:1047D000C2F20001885445F6F420C2F200000068DD
:1047E000002319461A4603F03DFAFFE70CE09DF856
:1047F000270040F26C01C2F200010A6840F2A051A9
:10480000C2F200018854FFE7FFE740F26C01C2F2F8
:1048100000010868013008603AE732E780B58AB0E5
:1048200009906420089014200790FFE7002006906C
:104830000590049003900290142002F05DF945F673
:10484000F420C2F200000068502103F0C5FC02A869
:104850000190FFF72DFE019849F2A071C0F600010A
:10486000096949688847E1E780B584B040F244317E
:10487000C2F200010020039088800860022002F04C
:104880003BF90398694648600420086044F6A90093
:10489000C0F6000049F64E11C0F6000180220A233E
:1048A00003F01AFE04B080BD80B584B00390039875
:1048B00018B1FFE70398009002E014200090FFE792
:1048C00000980290FFE702984FF47A71484344F64B
:1048D000D351C1F26201A0FB0110800902F00CF972
:1048E00000200190FFE70198022829DCFFE7FFE79D
:1048F00043F60000C4F20000022101F0BDF90128D6
:104900000CD1FFE74EF60451CEF200014FF080507B
:104910000860BFF34F8FBFF36F8FE9E7019940F253
:104920004430C2F2000030F8111043F60000C4F227
:10493000000001F097F9FFE7019801300190D2E7FC
:10494000C1E7000088B0079006910592002004900E
:104950000798172847DCFFE70798C11700EB51704D
:10496000C01003900798C11700EB517121F00701A7
:10497000401A02900299032000FA01F3039A40F2D0
:104980004431C2F2000131F81200984321F81200BC
:10499000059828B3FFE706980090012804D0FFE7A8
:1049A0000098022804D007E001208DF8070007E0F6
:1049B00002208DF8070003E000208DF80700FFE7D4
:1049C0009DF80700029900FA01F3039A40F244317E
:1049D000C2F2000131F81200184321F81200FFE77B
:1049E00001200490FFE7049808B0704780B582B0BA
:1049F0000020019002F0A6FD02F05EFD02F0E6FC50
:104A000002F00AFE02F00CFC02F0C4FB40F2480285
:104A1000C2F200020820C4F20200009042F24C41AF
:104A2000C4F20101032302F0DFFB00980121FEF72D
:104A3000FFF902F09DFE02F071FC02F0B3FA02F001
:104A400019FE02F025FB02F0E9FE02F0DFFBFFE7B2
:104A5000FEE7000080B584B08DF80F00029101924E
:104A600000200090FCF7C2F90299019AFCF7B0F817
:104A700000909DF90F000099FCF7E2F99DF90F00F5
:104A8000FCF794F904B080BD80B582B08DF80700C2
:104A90009DF80700FCF7F6F902B080BD80B584B040
:104AA0000390029145F62830C2F2000000680090A1
:104AB00040F24040C2F200000068043001F0D8FD2E
:104AC00008B9FFE700E0FFE70398013080B9FFE78E
:104AD000029868B1FFE740F24040C2F2000000686F
:104AE000011D45F60030C2F2000001F06DFE3DE010
:104AF0000098039908440190019840F24041C2F2A5
:104B00000001096848600198009988420ED2FFE7C9
:104B100040F25040C2F20000006840F24041C2F250
:104B200000010968043101F019FE1EE040F248401E
:104B3000C2F20000006840F24041C2F20001096880
:104B4000043101F00BFE019845F68821C2F2000104
:104B50000968884207D2FFE7019845F68821C2F22A
:104B60000001086000E0FFE7FFE7FFE704B080BD59
:104B700080B582B0019001F045FE45F61421C2F2E5
:104B8000000108680130086040F24040C2F20000B5
:104B9000006898B9FFE7019840F24041C2F2000175
:104BA000086045F61420C2F200000068012803D115
:104BB000FFE700F00BFB00E0FFE71CE045F6F0200C
:104BC000C2F200000068A0B9FFE740F24040C2F224
:104BD00000000068C06A0199C96A884207D8FFE7E7
:104BE000019840F24041C2F20001086000E0FFE796
:104BF00000E0FFE7FFE745F62020C2F20000016871
:104C0000013101600068019948640198C06A45F665
:104C10002421C2F200010968884208D9FFE70198FF
:104C2000C06A45F62421C2F200010860FFE701993D
:104C3000C86A00EB800240F25840C2F2000000EB6C
:104C40008200043101F0C0FD01F008FE45F6F020BD
:104C5000C2F200000068C8B1FFE740F24040C2F273
:104C600000000068C06A0199C96A88420CD2FFE757
:104C70004EF60451CEF200014FF080500860BFF3B1
:104C80004F8FBFF36F8F00E0FFE700E0FFE702B058
:104C900080BD000080B584B001F0B4FD45F62C3035
:104CA000C2F200000068002840D1FFE745F6282046
:104CB000C2F20000029001F031FD45F63C20C2F244
:104CC0000000039001F02AFD0299039840F244424B
:104CD000C2F20002116040F25441C2F200010860C9
:104CE00069460020086040F24A32C2F2000240F2F7
:104CF000EC33C2F200030A20102102F0CDFE01467F
:104D000045F62C30C2F200000160006860B1FFE798
:104D100045F62C30C2F20000006849F65D11C0F67D
:104D2000000101F08DFE00E0FFE700E0FFE701F089
:104D300095FD04B080BD000080B582B0FFE745F668
:104D40001820C2F20000006808B3FFE701F05AFD26
:104D500045F61430C2F20000C068C06801900198A6
:104D6000043001F085FC45F61421C2F20001086808
:104D70000138086045F61821C2F2000108680138C0
:104D8000086001F06BFD019800F08CF8D7E702B0E5
:104D900080BD000080B582B0019000910198006C48
:104DA000B8B1FFE70199C8680A6C1044C86001985F
:104DB0008168C068884204D3FFE701990868C86029
:104DC00000E0FFE70098019AD168126CFBF71DFA2A
:104DD000FFE702B080BD000080B586B00590049169
:104DE0000392002002900598806B01900598006C5A
:104DF00078B9FFE70598006848B9FFE7059880682B
:104E000003F02AFD029005990020886000E0FFE78A
:104E100041E00398B8B9FFE7059A04995068126C0D
:104E2000FBF7F3F9059948680A6C10444860059946
:104E300048688968884204D3FFE705990868486094
:104E400000E0FFE726E0059A0499D068126CFBF7B2
:104E5000DCF90599C8680A6C801AC8600598016871
:104E6000C068884206D2FFE7059988680A6C801AF4
:104E7000C86000E0FFE70398022809D1FFE7019826
:104E800020B1FFE701980138019000E0FFE700E062
:104E9000FFE7FFE7FFE70198013005998863029873
:104EA00006B080BD80B582B00090009890F859009F
:104EB00040B9FFE70098006B01F0F6FC009801F0A4
:104EC000F3FC1CE0009890F85900012804D1FFE79A
:104ED000009801F0E9FC11E0009890F859000228D0
:104EE0000BD0FFE74FF0500080F31188BFF36F8FB6
:104EF000BFF34F8F0190FFE7FEE7FFE7FFE702B048
:104F000080BD000082B001900198406A38B1FFE78F
:104F10000198006B0068C0F11000009002E00020D2
:104F20000090FFE7009802B07047000082B0019047
:104F300040F24440C2F2000000680068B0FA80F01D
:104F40004009019908600198006848B9FFE740F2FC
:104F50004440C2F200000068C0680068009002E0AF
:104F600000200090FFE7009802B0704784B04FF433
:104F7000A040009040F60C20C2F2000001909DF885
:104F80000400400788B1FFE70198073001900198BD
:104F900020F007000190019A40F60C21C2F20001B6
:104FA0000098891A08440090FFE70198029002993E
:104FB00045F6F820C2F2000001600021416002982D
:104FC000009A10440190019808380190019820F04F
:104FD00007000190019A40F24C40C2F200000260CA
:104FE0000268516002681160029903910199039A65
:104FF000891A51600068039908600398406845F673
:105000008421C2F2000108600398406845F67C21C3
:10501000C2F20001086045F65021C2F200014FF0D3
:105020000040086004B0704780B582B00190FFE78F
:10503000FFF782FE40F25840C2F2000000680228EA
:105040000CD3FFE74EF60451CEF200014FF0805032
:105050000860BFF34F8FBFF36F8F00E0FFE7E7E714
:1050600080B584B0DDF818C00390029101928DF8EC
:105070000330029818B9FFE70698006003E0019832
:1050800006990860FFE703980699C8630298069995
:1050900008640698012102F087FD9DF80300069937
:1050A00081F84C0004B080BD80B588B0DDF834C014
:1050B000DDF830C0DDF82CC0DDF828C00690059181
:1050C000049203930C98006B04998900A522FBF7C6
:1050D000AEF80C98006B049900EB81000438029044
:1050E000029820F0070002909DF80800400758B190
:1050F000FFE74FF0500080F31188BFF36F8FBFF3CD
:105100004F8F0790FFE7FEE70598F8B1FFE7002013
:105110000190FFE701980F2813D8FFE70598019A3F
:10512000805C0C99114481F8340005980199405C29
:1051300008B9FFE705E0FFE7FFE7019801300190BC
:10514000E8E70C99002081F8430004E00C99002066
:1051500081F83400FFE70A98102803D3FFE70F20F7
:105160000A9000E0FFE70A980C99C8620A980C9927
:10517000C8640C990020009008650C98043001F078
:10518000E5FA0C98183001F0E1FA00980C990961E1
:105190000A99C1F110010C9A91610C9949620C991C
:1051A00048650C9981F8580002980699039A00F016
:1051B00005FD0C9908600B9820B1FFE70C980B993E
:1051C000086000E0FFE708B080BD000080B584B053
:1051D00000200390FFE703980F2810D8FFE70398FB
:1051E00000EB800140F25840C2F2000000EB810069
:1051F00001F094FAFFE7039801300390EBE745F6DE
:105200005420C2F20000019001F088FA45F66820AF
:10521000C2F20000029001F081FA45F69C20C2F231
:10522000000001F07BFA45F61430C2F2000001F0F4
:1052300075FA45F60030C2F2000001F06FFA0199EC
:10524000029840F24842C2F20002116040F250411E
:10525000C2F20001086004B080BD000083B002907B
:1052600045F6F820C2F200000190FFE701980068BF
:105270000299884205D2FFE7FFE701980068019094
:10528000F4E7019800900098019949680844029950
:10529000884209D1FFE702984268019948681044A2
:1052A00048600198029000E0FFE7029800900098A3
:1052B00002994968084401990968884220D1FFE7AA
:1052C0000198006840F24C41C2F20001096888422E
:1052D0000DD0FFE7019800684268029948681044C1
:1052E00048600198006800680299086007E040F291
:1052F0004C40C2F20000006802990860FFE704E039
:105300000198006802990860FFE7019802998842B5
:1053100004D0FFE702980199086000E0FFE703B0BE
:105320007047000080B586B0059004910392029307
:105330000020019004980599486005980061049840
:105340000399884216D8FFE703980299401A0599F5
:105350008969884203D3FFE70120019009E040F208
:105360005440C2F2000000680599043101F0F6F9DA
:10537000FFE717E003980299884208D2FFE70498F4
:105380000299884203D3FFE70120019009E040F22F
:105390004440C2F2000000680599043101F0DEF9D2
:1053A000FFE7FFE7019806B080BD000080B582B03E
:1053B000019001F027FA0198806B18B9FFE70120EE
:1053C000009002E000200090FFE701F047FA00980B
:1053D00002B080BD80B582B0019001F013FA01984F
:1053E000806B0199C96B884203D1FFE701200090CF
:1053F00002E000200090FFE701F030FA009802B0D0
:1054000080BD000006480068006880F3088862B626
:1054100061B6BFF34F8FBFF36F8F00DF00BF000097
:1054200008ED00E080B586B00490039140F244405E
:10543000C2F200000068C068C068019001980430A2
:1054400001F016F9019890F828004007002823D5AC
:10545000FFE70198049B81691944039AFFF762FFF3
:10546000C0B1FFE70198049A694600230B60194612
:1054700003F066FC0290029858B9FFE74FF0500025
:1054800080F31188BFF36F8FBFF34F8F0590FFE755
:10549000FEE700E0FFE707E0019991F8280000F03F
:1054A000FE0081F82800FFE70198016A884706B0EE
:1054B00080BD000080B58EB0FFE745F62C30C2F20B
:1054C0000000006807A9002202F098FD002800F003
:1054D000B880FFE70798B0F1FF3F17DCFFE707A8A8
:1054E00004300290029858B9FFE74FF0500080F363
:1054F0001188BFF36F8FBFF34F8F0D90FFE7FEE76B
:1055000002990A6848688968904700E0FFE70798B1
:10551000002800F19580FFE70998069006984069F9
:1055200028B1FFE70698043001F0A2F800E0FFE799
:1055300005A800F0F5F8039007980190092800F2FB
:105540007D800199DFE801F00505053D456605050B
:105550003D45069991F8280040F0010081F82800A7
:105560000698089B81691944039AFFF7DBFE30B364
:10557000FFE70698016A8847069890F828004007D8
:1055800000281AD5FFE70698089982690A446946F7
:1055900000230B60194603F0D3FB0490049858B91C
:1055A000FFE74FF0500080F31188BFF36F8FBFF318
:1055B0004F8F0C90FFE7FEE700E0FFE700E0FFE71A
:1055C0003DE0069991F8280000F0FE0081F82800DF
:1055D00035E0069991F8280040F0010081F8280094
:1055E0000898069988610698806958B9FFE74FF0D6
:1055F000500080F31188BFF36F8FBFF34F8F0B9074
:10560000FFE7FEE70698039B816919441A46FFF7F6
:1056100089FE14E0069890F828008007002804D43A
:10562000FFE7069801F040F907E0069991F8280095
:1056300000F0FE0081F82800FFE700E0FFE7FFE749
:105640003BE70EB080BD000080B584B003900291AE
:1056500001F000FC684600F063F801900098D8BBA8
:10566000FFE7029860B9FFE703980199884207D8DD
:10567000FFE703F057FA03980199FFF7D3FE2AE0FA
:10568000029858B1FFE740F25440C2F200000068AF
:105690000068B0FA80F040090290FFE745F62C3030
:1056A000C2F2000000680399019A891A029A01F077
:1056B000F1F903F037FA60B9FFE74EF60451CEF284
:1056C00000014FF080500860BFF34F8FBFF36F8F22
:1056D00000E0FFE7FFE702E003F024FAFFE704B091
:1056E00080BD000040F24840C2F20000006800683F
:1056F00040B9FFE745F68821C2F200014FF0FF30C4
:1057000008600CE040F24840C2F200000068C06847
:10571000006845F68821C2F200010860FFE7704783
:1057200080B582B0019002F0ABFF0090009840F28B
:105730003C41C2F200010968884206D2FFE700F04E
:1057400011F801990120086003E001990020086028
:10575000FFE7009840F23C41C2F200010860009867
:1057600002B080BD80B588B0FFE740F24440C2F28D
:1057700000000068006800284ED0FFE740F2444077
:10578000C2F200000168C968096806910068C06833
:10579000C06803900398043000F06AFF0398016A20
:1057A0008847039890F828004007002832D5FFE783
:1057B00006980399896908440590059806998842D6
:1057C0000FD9FFE70598039948600398006140F2FC
:1057D0004440C2F2000000680399043100F0BEFFAB
:1057E00017E00398069A694600230B60194603F0F8
:1057F000A7FA0290029858B9FFE74FF0500080F3E3
:105800001188BFF36F8FBFF34F8F0790FFE7FEE75D
:10581000FFE700E0FFE7A8E740F24442C2F20002DF
:105820001068049040F25441C2F200010868106010
:105830000498086008B080BD83B00020009040F25A
:105840004000C2F200000068013058B1FFE74FF09D
:10585000500080F31188BFF36F8FBFF34F8F02901A
:10586000FFE7FEE74FF0500080F31188BFF36F8F22
:10587000BFF34F8F0190FFE7009808B9FFE7FBE700
:1058800003B0704780B584B00390FFE701A8FFF72D
:105890004DFB029002980199FFF7D6FEFFF70AFE32
:1058A000F4E7000080B582B0019000F0ABFF0198F2
:1058B00090F845008DF80300FFE79DF903000128EB
:1058C00016DBFFE70198406A58B1FFE701982430E2
:1058D00003F0C0F818B1FFE701F058F900E0FFE766
:1058E00000E005E09DF8030001388DF80300E4E7CF
:1058F0000199FF2081F8450000F0B0FF00F082FF21
:10590000019890F844008DF80200FFE79DF902002D
:10591000012816DBFFE70198006980B1FFE70198D5
:10592000103003F097F818B1FFE701F02FF900E00D
:10593000FFE79DF8020001388DF8020000E000E06A
:10594000E4E70199FF2081F8440000F087FF02B0EE
:1059500080BD000080B58AB006900020029001F062
:1059600079FA40F24C40C2F20000006818B9FFE733
:10597000FFF7FCFA00E0FFE7069845F65021C2F277
:1059800000010968084240F0D880FFE7069888B314
:10599000FFE7069901F1080088422BD9FFE7069836
:1059A000083006909DF81800400708B3FFE70699F5
:1059B00021F007000830884216D9FFE7069820F04A
:1059C0000700083006909DF81800400758B1FFE71F
:1059D0004FF0500080F31188BFF36F8FBFF34F8FEC
:1059E0000990FFE7FEE702E000200690FFE700E0F5
:1059F000FFE702E000200690FFE70698002800F08D
:105A00009A80FFE7069845F67C21C2F200010968FA
:105A1000884200F29080FFE745F6F820C2F20000CD
:105A2000049000680590FFE705984168069A0020F9
:105A30009142019007D2FFE705980068002818BF3F
:105A400001200190FFE70198C00730B1FFE70598FA
:105A50000490059800680590E6E7059840F24C41EF
:105A6000C2F200010968884263D0FFE70498006829
:105A7000083002900598006804990860059840680D
:105A80000699401A112821D3FFE705980699084482
:105A900003909DF80C00400758B1FFE74FF050000D
:105AA00080F31188BFF36F8FBFF34F8F0890FFE72C
:105AB000FEE7059840680699401A039948600698E1
:105AC000059948600398FFF7C9FB00E0FFE70598D8
:105AD000426845F67C20C2F200000168891A016024
:105AE000006845F68421C2F20001096888420BD2A1
:105AF000FFE745F67C20C2F20000006845F68421ED
:105B0000C2F20001086000E0FFE745F65020C2F253
:105B10000000026805994868104348600599002014
:105B2000086045F69021C2F2000108680130086063
:105B300000E0FFE700E0FFE700E0FFE702F0F2FF30
:105B40009DF80800400758B1FFE74FF0500080F380
:105B50001188BFF36F8FBFF34F8F0790FFE7FEE70A
:105B600002980AB080BD000040F24040C2F200003E
:105B7000006848B1FFE740F24040C2F2000001680F
:105B8000086D01300865FFE740F24040C2F20000B6
:105B90000068704781B08DF803009DF8032047F23C
:105BA0000001C4F20001086802F0070220F0E000E2
:105BB00040EA4210086001B07047000083B00290D4
:105BC0000191009202980438029002994FF080707F
:105BD0000860029804380290019820F001000299B0
:105BE0000860029804380290029945F63900C0F620
:105BF000000008600298143802900098029908602A
:105C0000029820380290029803B0704780B584B0A3
:105C10008DF80F0000208DF80E0040F2B000C2F2A7
:105C20000000006845F60001C4F20001884215D169
:105C3000FFE79DF80F306A46052090600121516012
:105C40000DF10E00106040F2B000C2F200005A22C6
:105C5000FEF79EF808B1FFE7FFE7FFE79DF80E00AB
:105C600004B080BD82B00190ADF80210BDF8020012
:105C70000199C86002B0704783B002900191002082
:105C80008DF80300029880680199084204D1FFE76B
:105C900000208DF8030003E001208DF80300FFE7EA
:105CA0009DF8030003B0704780B58CB000200090D1
:105CB0000B900A9009900890079006900590049028
:105CC0000390FDF791F88DF80B009DF80B0001464D
:105CD000019140B1FFE7019801282BD0FFE701981F
:105CE000022831D0D6E041F25400C4F2020000682C
:105CF000400AC00798B1FFE741F23000C4F2020049
:105D00000068400EC00750B1FFE740F23C01C2F20C
:105D1000000146F60040C0F2DC20086009E040F2D5
:105D20003C01C2F2000141F20020C0F27A0008609A
:105D3000FFE7B9E040F23C01C2F2000142F200404C
:105D4000C0F2F4000860AFE041F20400C4F20200C7
:105D50000068C0F30040099041F22C00C4F2020038
:105D600001680020B0EBD17F50D1FFE741F2040081
:105D7000C4F202000168C1F383410B910068C0F3D3
:105D800041700A900A9820B9FFE70B980F2807D1B5
:105D9000FFE70A990B9800EB011001300B9003E02C
:105DA0000B9802300B90FFE7099860B9FFE70B985A
:105DB00040F60011C0F23D01484340F23C01C2F2FE
:105DC0000001086021E041F20400C4F20200006812
:105DD000400CC00760B1FFE70B9841F20021C0F210
:105DE0007A01484340F23C01C2F2000108600BE036
:105DF0000B9842F20041C0F2F401484340F23C01EA
:105E0000C2F200010860FFE7FFE742E041F22C0028
:105E1000C4F202000168C1F3031105910168C1F3E6
:105E200008210491006800F007000390099830B938
:105E3000FFE740F60010C0F23D00069015E041F289
:105E40000400C4F202000068400CC00730B1FFE754
:105E500041F20020C0F27A00069005E042F20040D4
:105E6000C0F2F4000690FFE7FFE706980499A0FB54
:105E70000101059ADDF80CC0012303FA0CF35A4323
:105E80000023FAF791F940F23C01C2F200010860E8
:105E9000FFE709E040F23C01C2F2000141F20020BC
:105EA000C0F27A000860FFE741F20400C4F2020089
:105EB0000068C0F303100890089949F66A10C0F60C
:105EC0000000405C079040F23C01C2F2000108680B
:105ED000079AD04008600CB080BD000081B08DF8FA
:105EE00003009DF80300042809D1FFE74EF21001DA
:105EF000CEF20001086840F00400086008E04EF2AD
:105F00001001CEF20001086820F004000860FFE7ED
:105F100001B0704783B002900191009201980299FC
:105F2000C8620098029988620299486940F00100AD
:105F3000486103B07047000082B001908DF80310F3
:105F40009DF803200199086802F0030220F44070D4
:105F500040EA0220086002B07047000082B0019061
:105F60008DF803109DF803200199086802F00702DC
:105F700020F0700040EA0210086002B07047000094
:105F800082B001908DF803109DF8032001990868F4
:105F900062F30000086002B07047000082B0019018
:105FA0008DF803108DF802208DF801309DF8032044
:105FB0000199886862F3020088600199086A20F0FC
:105FC000010008620199086A20F0100008629DF83B
:105FD000020000F001020199086A20F0020040EA84
:105FE000420008629DF802200199086A520862F393
:105FF000C300086201998869012262F30100886187
:106000009DF8010000F001030199086A20F02000CA
:1060100040EA431008629DF801300199086A5B0864
:1060200063F3C71008620199886962F309208861E7
:1060300002B0704784B0039002918DF807200020D1
:10604000ADF8040002980078ADF80400BDF8040033
:1060500001460091062800F2FF800099DFE811F068
:106060000700FC004500FC008700FC00C500039908
:10607000086A20F001000862029842780399086AD1
:1060800002F0010220F0020040EA42000862029899
:10609000407800F002020399086A20F0080040EA04
:1060A00082000862029882780399886962F301008D
:1060B00088610298C2780399886902F00F0220F083
:1060C000F00040EA021088619DF807200399886972
:1060D00002F0030220F00C0040EA8200886103997C
:1060E000086A40F001000862B7E00399086A20F0EE
:1060F00010000862029842780399086A02F00102CF
:1061000020F0200040EA421008620298407800F037
:1061100002020399086A20F0800040EA82100862B7
:10612000029882780399886902F0030220F4407093
:1061300040EA022088610298C2780399886902F0D7
:106140000F0220F4704040EA023088619DF8072079
:106150000399886902F0030220F4406040EA82203B
:1061600088610399086A40F01000086275E003999D
:10617000086A20F480700862029842780399086ADD
:1061800002F0010220F4007040EA42200862029806
:10619000407800F002020399086A20F4006040EAA7
:1061A00082200862029882780399C86962F301002C
:1061B000C8610298C2780399C86902F00F0220F002
:1061C000F00040EA0210C8619DF807200399C869F1
:1061D00002F0030220F00C0040EA8200C86103993B
:1061E000086A40F48070086237E00399086A20F476
:1061F00080500862029842780399086A02F001020E
:1062000020F4005040EA42300862029882780399F4
:10621000C86902F0030220F4407040EA0220C8611D
:106220000298C2780399C86902F00F0220F4704006
:1062300040EA0230C8619DF807200399C86902F05E
:10624000030220F4406040EA8220C8610399086A92
:1062500040F48050086200E0FFE704B0704700009F
:1062600082B001908DF803109DF803200199086811
:1062700002F0010220F0800040EAC210086002B083
:106280007047000082B001908DF803109DF8032044
:106290000199486802F0070220F0700040EA0210FD
:1062A000486002B07047000082B001908DF8031082
:1062B0009DF803200199886802F0010220F0800017
:1062C00040EAC210886002B07047000082B00190BE
:1062D000019A44F62511C2F29241A2FB0130121A32
:1062E00000EB520080080090019846F6B752CBF2BE
:1062F000DB625043884204D3FFE7009801300090EE
:10630000FFE7009802B0704780B590B0DDF848C054
:106310000F908DF83B100D920C9300200B90059080
:106320001298FFF7D3FF04900820089001200190F5
:1063300007900F989DF83B204EF6FF41FBF790FA2F
:10634000069020208DF8240012988DF825001298D0
:10635000000A8DF8260004988DF82700FF208DF89C
:1063600028000D988DF829000D98000A8DF82A0054
:10637000BDF836008DF82B0049F2C470C0F600005D
:10638000416806A88847014601980B9107900F982D
:106390009DF83B204EF6FF31FBF762FA0690FFE7CF
:1063A0000B9900200129009008D1FFE70599049A74
:1063B0000020914238BF01200090FFE70098C007FD
:1063C000A8B3FFE7059801308DF824000020039062
:1063D000FFE7039806281ED8FFE70598C0EBC0002A
:1063E00003990844029002981299884208D2FFE764
:1063F0000C980299405C039906AA1144487305E081
:10640000039806A90144FF204873FFE7FFE70398BC
:1064100001300390DDE749F2C470C0F60000416826
:1064200006A888470B90059801300590B8E70B98AF
:1064300010B080BD82B001908DF803109DF803204C
:106440000199C86802F0010220F4005040EA42308D
:10645000C86002B07047000082B001908DF8031050
:106460009DF8030058B9FFE70199486920F480704E
:1064700048610199486920F40070486132E09DF854
:10648000030001280BD1FFE70199486940F48070AF
:1064900048610199486920F40070486121E09DF845
:1064A000030002280BD1FFE70199486920F48070AE
:1064B00048610199486940F40070486110E09DF816
:1064C000030003280BD1FFE70199486940F480706D
:1064D00048610199486940F400704861FFE7FFE7AF
:1064E000FFE7FFE702B0704780B58AB009900891D6
:1064F0008DF81F208DF81E3002A8FCF75DF9099871
:1065000043F60001C4F20101884203D1FFE7049879
:10651000019002E005980190FFE7019800EB8000F0
:1065200040000899B0FBF1F0009000984CF6CD4186
:10653000CCF6CC41A0FB0121C90801EB8101A0EB05
:10654000410004280AD8FFE700984CF6CD41CCF66C
:10655000CC41A0FB0110C00800900BE000984CF665
:10656000CD41CCF6CC41A0FB0101012000EBD100D4
:106570000090FFE7BDF80020099988684FF6FF7387
:106580009843104488609DF81F200999C86802F05C
:10659000010220F4805040EA0230C8609DF81E20BD
:1065A0000999086902F0030220F4405040EA0230E1
:1065B00008610AB080BD000082B001908DF8031020
:1065C0009DF8030058B9FFE70199C86820F40070EE
:1065D000C8600199C86820F48060C86021E09DF817
:1065E000030001280BD1FFE70199C86820F400706F
:1065F000C8600199C86840F48060C86010E09DF8E8
:10660000030002280BD1FFE70199C86840F400702D
:10661000C8600199C86840F48060C860FFE7FFE780
:10662000FFE702B07047000082B001908DF80310C0
:106630009DF803200199C86802F0010220F00400CF
:1066400040EA8200C86002B07047000082B001904A
:106650008DF803109DF803200199C86802F001022B
:1066600020F0080040EAC200C86002B07047000095
:1066700082B001900198006900900198416880689B
:106680008860019948688968486000984068019965
:10669000884205D1FFE7019880680099486000E0D2
:1066A000FFE7019900200861009908680138086037
:1066B0000098006802B0704745F61420C2F200004E
:1066C0000068704783B0029001910092029940F2F5
:1066D000E820C2F200000860019940F2E800C2F22E
:1066E0000000086000998020086003B07047000037
:1066F00083B0029001910092029940F6AC10C2F270
:1067000000000860019940F2AC50C2F2000008603D
:1067100000994FF48070086003B0704781B000901A
:10672000009901F10800486000994FF0FF3088603F
:10673000009901F10800C860009901F108000861A2
:1067400000990020086001B07047000081B00090FF
:1067500000990020086101B07047000084B00390E8
:1067600002910298006800900098013020B9FFE77C
:1067700003980069019010E0039808300190FFE74A
:106780000198406800680099884205D8FFE7FFE754
:10679000019840680190F3E7FFE70198406802998B
:1067A0004860029841688860019802998860029860
:1067B00001994860039802990861039908680130BB
:1067C000086004B07047000083B002900191029805
:1067D000406800900098019948600098806801998D
:1067E00088600198009989684860019800998860DC
:1067F000029801990861029908680130086003B0A5
:106800007047000082B04FF0500080F31188BFF352
:106810006F8FBFF34F8F019040F24000C2F2000033
:106820000168013101600068012814D1FFE74EF6CC
:106830000450CEF200000068000658B1FFE74FF0A8
:10684000500080F31188BFF36F8FBFF34F8F00901C
:10685000FFE7FEE7FFE702B07047000082B040F2BA
:106860004000C2F20000006858B9FFE74FF0500046
:1068700080F31188BFF36F8FBFF34F8F0090FFE756
:10688000FEE740F24000C2F20000016801390160F9
:10689000006830B9FFE700200190019880F311886B
:1068A000FFE702B07047000080B586B00390039800
:1068B0000290039800285CD0FFE702980838029005
:1068C000029801900198406845F65021C2F20001FB
:1068D000096808420BD1FFE74FF0500080F31188A0
:1068E000BFF36F8FBFF34F8F0590FFE7FEE701986F
:1068F000006858B1FFE74FF0500080F31188BFF3F4
:106900006F8FBFF34F8F0490FFE7FEE70198406859
:1069100045F65021C2F200010968084227D0FFE77E
:106920000198006808BBFFE745F65020C2F200005E
:106930000268019948689043486000F08BFA01981A
:10694000426845F67C21C2F20001086810440860E4
:106950000198FEF783FC45F69421C2F20001086815
:106960000130086002F0DEF800E0FFE700E0FFE73A
:10697000FFE706B080BD00004EF21001CEF200012C
:10698000002008604EF21802CEF20002106040F2C1
:106990003C00C2F20000006844F6D352C1F2620229
:1069A000A0FB02024FF0FF3000EB92104EF21402F7
:1069B000CEF20002106007200860704784B0EFF349
:1069C00005800190019810281ED3FFE701984EF230
:1069D000F031CEF20001405C8DF803009DF8030019
:1069E00045F60C21C2F20001097888420BDAFFE774
:1069F0004FF0500080F31188BFF36F8FBFF34F8FBC
:106A00000390FFE7FEE7FFE74EF60C50CEF20000E2
:106A1000006800F4E06045F61021C2F20001096848
:106A200088420BD9FFE74FF0500080F31188BFF385
:106A30006F8FBFF34F8F0290FFE7FEE704B0704700
:106A400083B00290019100200090FFE70098072892
:106A50001DD8FFE7009945F6B020C2F2000050F8BB
:106A6000310070B9FFE70198009A45F6B021C2F2F3
:106A7000000141F832000298009A01EBC20148601F
:106A800005E0FFE7FFE7009801300090DEE703B084
:106A90007047000080B584B0039002910192039882
:106AA0000090FFF7AFFE009890F94400013028B93C
:106AB000FFE70099002081F84400FFE7009890F973
:106AC0004500013028B9FFE70099002081F8450012
:106AD000FFE7FFF7C3FE0098806B38B9FFE7009827
:106AE00024300299019A00F07BF800E0FFE700985B
:106AF000FEF7D8FE04B080BD80B584B002900020BF
:106B000001900298E0B1FFE745F61C20C2F20000B8
:106B1000006858B1FFE74FF0500080F31188BFF3D1
:106B20006F8FBFF34F8F0390FFE7FEE700F092F9FE
:106B300002980021FDF7B2FF01F0F4FF019000E0A0
:106B4000FFE7019860B9FFE74EF60451CEF200016D
:106B50004FF080500860BFF34F8FBFF36F8F00E09E
:106B6000FFE704B080BD000081B0009045F68C20A6
:106B7000C2F2000000680099086045F62830C2F2B1
:106B8000000000680099486001B0704745F6343154
:106B9000C2F20001012008607047000080B584B097
:106BA00002900191029858B9FFE74FF0500080F32E
:106BB0001188BFF36F8FBFF34F8F0390FFE7FEE79E
:106BC000029840F24041C2F2000109681831FFF713
:106BD000C5FD01980121FDF761FF04B080BD0000F3
:106BE00080B584B0029001910092029858B9FFE7F5
:106BF0004FF0500080F31188BFF36F8FBFF34F8FBA
:106C00000390FFE7FEE7029840F24041C2F2000124
:106C100009681831FFF7D8FD009820B1FFE74FF061
:106C2000FF300190FFE701980099FDF737FF04B0AE
:106C300080BD000080B588B0059004910598039050
:106C4000012000900598002800F08B80FFE7039852
:106C5000006D58B9FFE74FF0500080F31188BFF383
:106C60006F8FBFF34F8F0790FFE7FEE70398C06C6D
:106C70000499884203D2FFE70498019003E0039847
:106C8000C06C0190FFE70398C06A0199884266D002
:106C9000FFE70398006D01285FD1FFE7039840F2FA
:106CA0004041C2F20001096888420BD1FFE74FF072
:106CB000500080F31188BFF36F8FBFF34F8F0690A2
:106CC000FFE7FEE70398C06A029001980399C86243
:106CD0000398C07E0006002806D4FFE70198C0F1A3
:106CE00010000399886100E0FFE70398406902996A
:106CF00001EB810240F25841C2F2000101EB820136
:106D0000884228D1FFE703980430FFF7B1FC08B9A7
:106D1000FFE700E0FFE70398C06A45F62421C2F2CE
:106D200000010968884208D9FFE70398C06A45F660
:106D30002421C2F200010860FFE70399C86A00EB52
:106D4000800240F25840C2F2000000EB82000431A1
:106D5000FFF73AFD00E0FFE700E0FFE700E0FFE7B4
:106D600000E0FFE708B080BD80B58AB00020039046
:106D70000690059006A805A904AAFFF7A3FC039BAB
:106D8000049A0599DDF818C06846C0F808C041604B
:106D9000036045F22900C0F6000049F65811C0F61C
:106DA000000101F0E9FB014645F68020C2F2000037
:106DB0000160006818B1FFE70120079002E00020A1
:106DC0000790FFE70798012804D1FFE701F06EFF65
:106DD000079000E0FFE70798012823D1FFE74FF075
:106DE000500080F31188BFF36F8FBFF34F8F09906E
:106DF00045F68821C2F200014FF0FF30086045F6E9
:106E0000F021C2F200010120086045F62831C2F2EB
:106E100000010020086000F043FD08B1FFE700E03A
:106E2000FFE70FE00798013058B9FFE74FF0500037
:106E300080F31188BFF36F8FBFF34F8F0890FFE788
:106E4000FEE7FFE749F67C10C0F6000000680AB0D4
:106E500080BD000045F61C21C2F200010868013027
:106E60000860704783B045F61C20C2F2000000683D
:106E700038B1FFE745F63431C2F200010120086065
:106E800051E045F63431C2F200010020086045F6B9
:106E90002420C2F2000000680190FFE7019800EB97
:106EA000800140F25840C2F2000050F8210090B931
:106EB000FFE7019858B9FFE74FF0500080F31188C1
:106EC000BFF36F8FBFF34F8F0290FFE7FEE701988C
:106ED00001380190E2E7019800EB800140F2584050
:106EE000C2F2000000EB8100009000994868406801
:106EF0004860009948680831884205D1FFE7009949
:106F0000486840684860FFE700984068C06840F201
:106F10004041C2F200010860019845F62421C2F206
:106F200000010860FFE703B07047000043F2000172
:106F3000C4F200014AF6AA200860704781B08DF8BB
:106F400003009DF8032043F20401C4F20001086825
:106F500062F30200086001B07047000081B08DF854
:106F600003009DF8030038B9FFE743F20001C4F2C3
:106F700000010020086007E043F20001C4F20001B4
:106F800045F255500860FFE701B0704781B0ADF899
:106F90000200BDF8020043F20801C4F200010860DB
:106FA00001B0704780B58AB008A80090FCF7DAFA03
:106FB0000099032002908DF826000120059008908A
:106FC00040F60000C4F20100FCF7E0FA0598FBF778
:106FD0002DFB0598FAF754F907A80190F9F7A2FFDD
:106FE00001990298059A8DF81C20002204928DF8D0
:106FF0001D208DF81E208DF81F0042F20040C4F2C3
:1070000001000690F9F75CFF0499059A069807239A
:107010000393FAF713F8039B069810210222FAF75C
:107020000DF8029A039B06981121FAF707F80399C5
:10703000059A0698FAF7B4F804990698FAF7EAF868
:1070400005990698F9F7DAFF05990698F9F7E8FF28
:107050000698F9F797FFFFE742F20040C4F20100FB
:10706000F9F79AFF08B1FFE7F6E742F20040C4F2F1
:107070000100F9F7A5FFFFE742F20040C4F201006A
:10708000F9F7A8FF08B1FFE7F6E70AB080BD0000F6
:1070900080B590B00EA80290FCF764FA0299022025
:1070A0008DF83F00002005908DF83C0008208DF8F9
:1070B0003E004FF400700E90042000908DF83D00CB
:1070C00040F60040C4F201000190FCF75FFA009A1C
:1070D00001980299059B4FF0010CCDF810C08DF876
:1070E0003FC08DF83C308DF83E304FF480730E93E6
:1070F0008DF83D20FCF74AFA049940F20240C2F6AE
:107100000040FCF7FFFA0DF131000390FAF75EFD45
:107110000399049A05988DF831008DF832008DF8A6
:1071200033208DF834208DF835008DF836008DF839
:10713000370046F20040C4F200000690FAF7FEFB6A
:10714000059906981222ADF82A208DF82C100522F8
:107150008DF82D208DF82E100DF12A01FAF7A8FCDC
:10716000049A059906988DF81C208DF81F108DF84B
:107170001E108DF820108DF81D10ADF82210ADF8FE
:107180002410ADF82610ADF8281007A9FAF732FD43
:1071900010B080BD80B588B00820C4F20200009015
:1071A000FBF760FF03A80190FBF750FE00980199E0
:1071B0000023ADF81430012202928DF81B208DF8C7
:1071C00019208DF81A208DF818308DF81D308DF8A3
:1071D0001C20FBF7E7FE029A0020C4F202001146D1
:1071E000FBF74EFE08B080BD84B00390029101927F
:1071F000ADF80230BDF80200039948600298039987
:10720000886001980399C86004B0704780B5FFF7A3
:10721000F9FAFCF77BF9FFF721FBFFF7A5FD80BD2D
:1072200010B58CB00AA80890FCF79CF908990020CA
:1072300009908DF82E001C200A90042006908DF8ED
:107240002D0040F60000C4F201000390FCF79EF907
:10725000099A069808998DF82E204FF483520A92C5
:107260008DF82D0040F60040C4F201000790FCF7B5
:107270008DF941F20000C4F2010001904FF4005179
:107280000091FCF75BF9039840F622010291FCF7AC
:1072900055F9079844F286010591FCF74FF9009BD8
:1072A0000198DDF824C0069A089902248DF82F4031
:1072B0008DF82CC04FF0100CCDF810C08DF82EC0FA
:1072C0000A938DF82D20FCF761F9029B0398DDF8F5
:1072D00010C0069A0899DDF824E08DF82F408DF84B
:1072E0002CE08DF82EC00A938DF82D20FCF74EF976
:1072F000DDF810C0059B069A07980899DDF824E090
:107300008DF82F408DF82CE08DF82EC00A938DF863
:107310002D20FCF73BF90CB010BD000080B58AB001
:1073200008A80490FCF71EF90499042000908DF839
:1073300024008DF82500082001908DF826000220F9
:1073400002908DF827004FF48060089040F60040CE
:10735000C4F201000390FCF719F9DDF800C0019BAD
:10736000029A039804998DF824C08DF825C08DF8F1
:1073700026308DF827204FF400620892FCF706F9BA
:1073800045F60000C4F2000006900021059148F285
:10739000A062C0F20102FCF7E3FA059A06981146D2
:1073A000FCF730FF069801210791FCF72FFA0698A9
:1073B0000799FCF73DFA05990698FCF7BFFA06987D
:1073C0000799FCF759FA0AB080BD000080B584B077
:1073D0000320FDF759FBF9F701FD00220392114646
:1073E000F9F7C0FB01466FF00B00F9F707FDF9F75D
:1073F000F5FC039A1146F9F7B5FB01466FF00A0058
:10740000F9F7FCFCF9F7EAFC039A1146F9F7AAFB35
:1074100001466FF00900F9F7F1FCF9F7DFFC039A78
:107420001146F9F79FFB01466FF00400F9F7E6FCFF
:10743000F9F7D4FC039A1146F9F794FB01466FF073
:107440000300F9F7DBFCF9F7C9FC039A0F2101915E
:10745000F9F788FB01466FF00100F9F7CFFCF9F767
:10746000BDFC0199039AF9F77DFB01464FF0FF300F
:10747000F9F7C4FC039A0B2005210291FDF7EAFA03
:107480000299039A1420FDF7E5FA0299039A152050
:10749000FDF7E0FA0299039A1620FDF7DBFA02994C
:1074A000039A1D20FDF7D6FA0299039A2520FDF7CD
:1074B000D1FA04B080BD000080B582B04FF4A010B6
:1074C00001210191FBF702FB01994FF4C010FBF77A
:1074D000FDFA01990220C0F21800FBF7F7FA0199B2
:1074E0000320C0F21800FBF7F1FA01990420C0F262
:1074F0001800FBF7EBFA01990520C0F21800FBF722
:10750000E5FA01990920C0F21800FBF7DFFA0199AA
:107510000E20C0F21800FBF7D9FA01990120C0F241
:107520001C00FBF7D3FA01991620C0F21C00FBF7F0
:10753000CDFA01991920C0F21C00FBF7C7FA02B07E
:1075400080BD000080B582B0FBF7DCFB42F2000199
:10755000C4F202011420086004200121FBF7D8F8CE
:10756000FFE70120C0F22400FBF75EFA012801D0FA
:10757000FFE7F6E701210846FBF7CAF8FFE7FBF74C
:1075800073FA08B9FFE7FAE700200121FBF7C0F81A
:10759000FFE70120FBF748FA012801D0FFE7F8E7F1
:1075A000022001901121FBF7BBFA01980121FBF7A2
:1075B000AFF8FFE71920FBF737FA012801D0FFE702
:1075C000F8E70020FBF74CF804200090FBF770F878
:1075D0000098FBF759F80120FBF77EF80220FBF733
:1075E000DFFBFFE7FBF700FC022801D0FFE7F9E72C
:1075F0000020FBF771F8FEF757FB02B080BD0000DA
:1076000080B500F001F880BD40F2A851C2F200013F
:10761000086801300860704780B588B0002001908C
:10762000029003A8FBF7C8F8049802900420FEF724
:1076300055FC0198029944F6D352C1F26202A1FBB3
:1076400002124FF0FF3101EB92114EF21402CEF212
:10765000000211604EF21801CEF2000108604EF2F5
:107660001001CEF20001086840F00300086008B085
:1076700080BD000080B58AB008A80190FBF772FFBA
:10768000019940200890002004908DF826008DF884
:107690002400042002908DF82500012006908DF82A
:1076A000270040F60000C4F201000090FBF76EFFD7
:1076B00000980199029BDDF810C0069A4FF0800EE9
:1076C000CDF820E08DF826C08DF824C08DF8253047
:1076D0008DF82720FBF75AFF049940F20040C4F2CE
:1076E00000000590FEF73AFC04990598FEF724FC8B
:1076F00004990598FEF7B4FD049A05984FF6FF71BA
:10770000FEF708FC04990598FEF7CEFD049905984C
:10771000FEF7B8FD0299049A0598069B8DF81C2087
:107720008DF81E308DF81D208DF81F1007A90391CC
:10773000FEF780FC029B0399049A0598DDF818C0B7
:107740004FF0020E8DF81CE08DF81EC08DF81D2044
:107750008DF81F30FEF76EFC049B059806991A46BB
:10776000FEF71CFC05980699FEF70AFC0AB080BDDE
:1077700080B58AB008A80490FBF7F4FE04990220B3
:1077800001908DF82700002005908DF82400082036
:107790008DF826004FF400700890042002908DF8B8
:1077A000250040F60000C4F201000390FBF7EEFE56
:1077B000DDF804C0029A03980499059B8DF827C050
:1077C0008DF824308DF826304FF4806308938DF8BF
:1077D0002520FBF7DBFE059B43F60000C4F2010009
:1077E00006904FF4E1311A46FEF77EFE069801211D
:1077F0000791FEF72BFF06980799FEF715FF0599ED
:107800000698FEF7D9FE05990698FEF725FE06981C
:107810000799FEF70FFE0AB080BD000080B582B068
:1078200001200190FFF79AFB0198FFF787FB40F6D4
:10783000C310FFF7ABFBFFF779FB02B080BD000080
:1078400080B584B08DF80F008DF80E1040F2B000B6
:10785000C2F20000006845F60001C4F2000188424F
:1078600015D1FFE79DF80F306A4605209060012191
:1078700051600DF10E00106040F2B000C2F2000045
:107880005A22FCF71FFC08B1FFE7FFE7FFE704B04F
:1078900080BD000045F67C20C2F200000068704701
:1078A00080B586B04EF20040CEF200000390017821
:1078B0000491FF21017000788DF80B009DF80B00FA
:1078C00000F0500045F60C21C2F20001087045F6A8
:1078D0001021C2F2000107200860FFE79DF80B00AD
:1078E000000600280DD5FFE745F61021C2F2000181
:1078F0000868013808609DF80B0040008DF80B0007
:10790000ECE745F61020C2F20000006803280BD017
:10791000FFE74FF0500080F31188BFF36F8FBFF384
:107920004F8F0590FFE7FEE745F61021C2F20001F8
:10793000086800020860086800F4E06008600498C5
:107940004EF20041CEF2000108704EF62051CEF208
:107950000001086840F470000860086840F070405A
:107960000860FFF709F840F24001C2F20001002070
:1079700001900860FDF746FDFFF774FAFDF75CFF24
:10798000019806B080BD000080B582B04FF0500075
:1079900080F31188BFF36F8FBFF34F8F009000F01B
:1079A00079FE40B1FFE74EF60451CEF200014FF0F0
:1079B00080500860FFE700200190019880F3118853
:1079C00002B080BD80B58CB0089007918DF81B2067
:1079D000089858B9FFE74FF0500080F31188BFF3C3
:1079E0006F8FBFF34F8F0B90FFE7FEE70898079963
:1079F0004843049007990120029059B1FFE7089885
:107A00000499079AB1FBF2F1401AB0FA80F04009EC
:107A10000290FFE70298C00758B9FFE74FF0500007
:107A200080F31188BFF36F8FBFF34F8F0A90FFE78A
:107A3000FEE7049901F1500088420BD8FFE74FF0B0
:107A4000500080F31188BFF36F8FBFF34F8F099001
:107A5000FFE7FEE704985030FDF77CFF059005989E
:107A6000B0B1FFE705980390039850300390059953
:107A7000002081F8460008980799039A9DF81B306A
:107A8000DDF814C0EE46CEF800C0FDF7E9FA00E0DC
:107A9000FFE705980CB080BD80B590B08446129881
:107AA000CDF828C00991089207938DF81B000A9819
:107AB00058B9FFE74FF0500080F31188BFF36F8F84
:107AC000BFF34F8F0F90FFE7FEE7079858B9FFE726
:107AD0004FF0500080F31188BFF36F8FBFF34F8FCB
:107AE0000E90FFE7FEE708990020039031B1FFE711
:107AF0000998B0FA80F040090390FFE70398C007A7
:107B000058B1FFE74FF0500080F31188BFF36F8F3B
:107B1000BFF34F8F0D90FFE7FEE70899002002901A
:107B200031B9FFE70998002818BF01200290FFE74C
:107B30000298C00758B1FFE74FF0500080F311885A
:107B4000BFF36F8FBFF34F8F0C90FFE7FEE750201E
:107B50000490049850280BD0FFE74FF0500080F3BA
:107B60001188BFF36F8FBFF34F8F0B90FFE7FEE7D6
:107B7000049807980590059888B1FFE705990120BA
:107B800081F846000A980999089A9DF81B30DDF89B
:107B900014C0EE46CEF800C0FDF762FA00E0FFE741
:107BA000059810B080BD000080B584B002900191AE
:107BB00002980090009858B9FFE74FF0500080F30A
:107BC0001188BFF36F8FBFF34F8F0390FFE7FEE77E
:107BD000FEF718FE00990B68C86B0A6C00FB0230B8
:107BE00088600099002088630099086848600099BF
:107BF0000B68C86B0A6C013800FB0230C860009942
:107C0000FF2081F84400009981F845000198D0B91F
:107C1000FFE700980069A0B1FFE70098103000F07E
:107C200019FF60B1FFE74EF60451CEF200014FF0AC
:107C300080500860BFF34F8FBFF36F8F00E0FFE706
:107C400000E0FFE708E000981030FEF767FD0098BD
:107C50002430FEF763FDFFE7FEF700FE012004B0CD
:107C600080BD000080B592B00C900B910A920993F0
:107C7000002008900C980490049858B9FFE74FF042
:107C8000500080F31188BFF36F8FBFF34F8F1190B7
:107C9000FFE7FEE70B990020039039B9FFE704984E
:107CA000006C002818BF01200390FFE70398C0076D
:107CB00058B1FFE74FF0500080F31188BFF36F8F8A
:107CC000BFF34F8F1090FFE7FEE7099900200229CC
:107CD000029007D1FFE70498C06B013818BF01205C
:107CE0000290FFE70298C00758B1FFE74FF050003D
:107CF00080F31188BFF36F8FBFF34F8F0F90FFE7B3
:107D0000FEE700F0A1FC01460020019031B9FFE739
:107D10000A98002818BF01200190FFE70198C007CA
:107D200058B1FFE74FF0500080F31188BFF36F8F19
:107D3000BFF34F8F0E90FFE7FEE7FFE7FEF762FD10
:107D40000498806B0499C96B884204D3FFE70998B3
:107D5000022834D1FFE704980B99099AFDF73CF803
:107D600007900498406AA0B1FFE70498243000F01F
:107D700071FE60B1FFE74EF60451CEF200014FF004
:107D800080500860BFF34F8FBFF36F8F00E0FFE7B5
:107D900010E0079860B1FFE74EF60451CEF2000103
:107DA0004FF080500860BFF34F8FBFF36F8F00E03C
:107DB000FFE7FFE7FEF752FD01200D9065E00A980E
:107DC00028B9FFE7FEF74AFD00200D905DE0089816
:107DD00030B9FFE705A8FEF7C7FE0120089000E0D4
:107DE000FFE7FFE7FFE7FEF739FDFFF733F8FEF7A0
:107DF00009FD049890F94400013028B9FFE704997F
:107E0000002081F84400FFE7049890F94500013014
:107E100028B9FFE70499002081F84500FFE7FEF745
:107E20001DFD05A80AA900F0EDFA28BBFFE704989C
:107E3000FDF7D0FAC8B1FFE7049810300A99FEF7B1
:107E4000ADFE0498FDF72EFD00F06CFE60B9FFE773
:107E50004EF60451CEF200014FF080500860BFF39F
:107E60004F8FBFF36F8FFFE705E00498FDF71AFD12
:107E700000F058FEFFE707E00498FDF713FD00F05F
:107E800051FE00200D9000E058E70D9812B080BD23
:107E900080B592B00A900991089207930A980490CD
:107EA000049858B9FFE74FF0500080F31188BFF3F2
:107EB0006F8FBFF34F8F0E90FFE7FEE70999002009
:107EC000019039B9FFE70498006C002818BF012021
:107ED0000190FFE70198C00758B1FFE74FF050004D
:107EE00080F31188BFF36F8FBFF34F8F0D90FFE7C3
:107EF000FEE7079900200229009007D1FFE70498C8
:107F0000C06B013818BF01200090FFE70098C00740
:107F100058B1FFE74FF0500080F31188BFF36F8F27
:107F2000BFF34F8F0C90FFE7FEE7FEF747FDEFF33F
:107F300011814FF0500080F31188BFF36F8FBFF3B2
:107F40004F8F10910F90109805900498806B0499B2
:107F5000C96B884204D3FFE70798022843D1FFE7A3
:107F6000049890F845008DF80F000498806B0290FB
:107F700004980999079AFCF72FFF9DF90F0001302B
:107F8000B8B9FFE70498406A88B1FFE70498243045
:107F900000F060FD48B1FFE7089820B1FFE70899BD
:107FA0000120086000E0FFE700E0FFE700E0FFE7F6
:107FB00016E09DF90F007F280BD1FFE74FF050002E
:107FC00080F31188BFF36F8FBFF34F8F0B90FFE7E4
:107FD000FEE79DF80F000130049981F84500FFE7A6
:107FE0000120069002E000200690FFE7059811901E
:107FF000119880F31188069812B080BD80B58EB0BC
:108000000990089107920020069009980390039820
:1080100058B9FFE74FF0500080F31188BFF36F8F1E
:10802000BFF34F8F0D90FFE7FEE708990020019006
:1080300039B9FFE70398006C002818BF01200190B0
:10804000FFE70198C00758B1FFE74FF0500080F3F9
:108050001188BFF36F8FBFF34F8F0C90FFE7FEE7E0
:1080600000F0F2FA01460020009031B9FFE70798CE
:10807000002818BF01200090FFE70098C00758B102
:10808000FFE74FF0500080F31188BFF36F8FBFF30D
:108090004F8F0B90FFE7FEE7FFE7FEF7B3FB039878
:1080A000806B0290029830B3FFE703980899FCF7C1
:1080B00071FE029801380399886303980069A0B1A2
:1080C000FFE70398103000F0C5FC60B1FFE74EF603
:1080D0000451CEF200014FF080500860BFF34F8F83
:1080E000BFF36F8F00E0FFE700E0FFE7FEF7B6FBAE
:1080F00001200A906DE0079828B9FFE7FEF7AEFB74
:1081000000200A9065E0069830B9FFE704A8FEF762
:108110002BFD0120069000E0FFE7FFE7FFE7FEF7F9
:108120009DFBFEF797FEFEF76DFB039890F9440068
:10813000013028B9FFE70399002081F84400FFE7E8
:10814000039890F94500013028B9FFE70399002012
:1081500081F84500FFE7FEF781FB04A807A900F0BE
:1081600051F930BBFFE70398FDF720F9D0B1FFE7E5
:10817000039824300799FEF711FD0398FDF792FB51
:1081800000F0D0FC60B9FFE74EF60451CEF20001DA
:108190004FF080500860BFF34F8FBFF36F8F00E048
:1081A000FFE705E00398FDF77DFB00F0BBFCFFE770
:1081B0000EE00398FDF776FB00F0B4FC0398FDF7A2
:1081C000F5F818B1FFE700200A9002E0FFE7FFE7AB
:1081D00063E70A980EB080BD80B590B00A9009910F
:1081E000002008900A9905910490059858B9FFE776
:1081F0004FF0500080F31188BFF36F8FBFF34F8FA4
:108200000F90FFE7FEE70598006C58B1FFE74FF0CD
:10821000500080F31188BFF36F8FBFF34F8F0E9024
:10822000FFE7FEE700F010FA01460020019031B9A7
:10823000FFE70998002818BF01200190FFE7019887
:10824000C00758B1FFE74FF0500080F31188BFF32B
:108250006F8FBFF34F8F0D90FFE7FEE7FFE7FEF74D
:10826000D1FA0598806B0390039860B3FFE70398F9
:108270000138059988630598006828B9FFE7FDF77C
:1082800073FC0599886000E0FFE705980069A0B1DC
:10829000FFE70598103000F0DDFB60B1FFE74EF618
:1082A0000451CEF200014FF080500860BFF34F8FB1
:1082B000BFF36F8F00E0FFE700E0FFE7FEF7CEFAC5
:1082C00001200B909BE0099898B9FFE7049858B1FA
:1082D000FFE74FF0500080F31188BFF36F8FBFF3BB
:1082E0004F8F0C90FFE7FEE7FEF7B8FA00200B90E7
:1082F00085E0089830B9FFE706A8FEF735FC0120B5
:10830000089000E0FFE7FFE7FFE7FEF7A7FAFEF7B8
:10831000A1FDFEF777FA059890F94400013028B9DD
:10832000FFE70599002081F84400FFE7059890F9E0
:108330004500013028B9FFE70599002081F8450084
:10834000FFE7FEF78BFA06A809A900F05BF8A8BBC7
:10835000FFE70598FDF72AF848B3FFE7059800689E
:1083600050B9FFE7FEF74EFA0598806800F0EAFA88
:108370000490FEF773FA00E0FFE7059824300999AE
:10838000FEF70CFC0598FDF78DFA00F0CBFB60B909
:10839000FFE74EF60451CEF200014FF08050086026
:1083A000BFF34F8FBFF36F8F00E0FFE705E0059845
:1083B000FDF778FA00F0B6FBFFE71FE00598FDF740
:1083C00071FA00F0AFFB0598FCF7F0FFA0B1FFE7F2
:1083D000049870B1FFE7FEF715FA0598FCF792FDD7
:1083E0000290059880680299FEF724FCFEF736FAA1
:1083F000FFE700200B9002E0FFE7FFE72FE70B9875
:1084000010B080BD80B588B005900491059858B92A
:10841000FFE74FF0500080F31188BFF36F8FBFF379
:108420004F8F0790FFE7FEE7049858B9FFE74FF03A
:10843000500080F31188BFF36F8FBFF34F8F06900A
:10844000FFE7FEE7FEF7DEF945F62830C2F200004E
:1084500000680290029805994968401A01900498B2
:108460000068013018B9FFE7002003902EE045F6C0
:108470008C20C2F2000000680599096888420CD07F
:10848000FFE7029805994968884206D3FFE7012073
:10849000039004990020086017E001980499096886
:1084A00088420BD2FFE7019A04990868801A086095
:1084B0000598FEF759FB0020039005E00499002081
:1084C000086001200390FFE7FFE7FFE7FEF7C6F92A
:1084D000039808B080BD000070B58CB0DDF844C0D2
:1084E000DDF840C00B900A91ADF826200893BDF846
:1084F00026008000FDF72EFA0590059880B1FFE771
:108500005C20FDF727FA0790079820B1FFE7059850
:108510000799086303E00598FEF7C6F9FFE702E054
:1085200000200790FFE70798F0B1FFE707980026C3
:1085300080F859600B980A99BDF82620089BDDF851
:1085400040C0119C079DEE46CEF80C60CEF8085056
:10855000CEF80440CEF800C0FCF7A6FD0798FCF763
:1085600007FB0120069003E04FF0FF300690FFE785
:1085700006980CB070BD0000B0B58EB0DDF850C0EC
:10858000DDF84CC0DDF848C00A90099108920793C5
:10859000139858B9FFE74FF0500080F31188BFF3EC
:1085A0006F8FBFF34F8F0D90FFE7FEE7149858B918
:1085B000FFE74FF0500080F31188BFF36F8FBFF3D8
:1085C0004F8F0C90FFE7FEE75C20049004985C2836
:1085D0000BD0FFE74FF0500080F31188BFF36F8F8F
:1085E000BFF34F8F0B90FFE7FEE70498149820B37A
:1085F000FFE7139808B3FFE71498069013980699BD
:1086000008630699022081F859000A980999089A86
:10861000079BDDF848C0069CEE460025CEF80C50BE
:10862000CEF8084005ACCEF80440CEF800C0FCF708
:108630003BFD0698FCF79CFA02E000200590FFE75E
:1086400005980EB0B0BD000081B045F6F020C2F232
:108650000000006818B9FFE7012000900DE045F622
:108660001C20C2F20000006818B9FFE70220009049
:1086700002E000200090FFE7FFE7009801B070479C
:1086800081B045F62830C2F20000006800900098E2
:1086900001B0704780B586B00020029045F61C20DE
:1086A000C2F200000068002840F0CB80FFE745F6EA
:1086B0002831C2F200010868013001900198086079
:1086C000019858BBFFE740F24840C2F20000006842
:1086D000006858B1FFE74FF0500080F31188BFF3F6
:1086E0006F8FBFF34F8F0590FFE7FEE740F24842E0
:1086F000C2F200021068009040F25041C2F2000144
:10870000086810600098086045F68C21C2F20001EC
:10871000086801300860FCF7E5FF00E0FFE701981A
:1087200045F68821C2F200010968884268D3FFE754
:10873000FFE740F24840C2F200000068006840B91C
:10874000FFE745F68821C2F200014FF0FF300860D4
:1087500055E040F24840C2F200000068C068C068BE
:10876000049004984068039001980399884207D2C6
:10877000FFE7039845F68821C2F2000108603EE059
:10878000FFE704980430FDF773FF0498806A28B16E
:10879000FFE704981830FDF76BFF00E0FFE704984F
:1087A000C06A45F62421C2F200010968884208D94E
:1087B000FFE70498C06A45F62421C2F20001086070
:1087C000FFE70499C86A00EB800240F25840C2F209
:1087D000000000EB82000431FDF7F6FF0498C06A48
:1087E00040F24041C2F200010968C96A884203D3DD
:1087F000FFE70120029000E0FFE7FFE799E7FFE7CE
:1088000040F24040C2F200000068C06A00EB800104
:1088100040F25840C2F2000050F82100022803D371
:10882000FFE70120029000E0FFE745F63430C2F296
:108830000000006818B1FFE70120029000E0FFE7A8
:1088400007E045F69821C2F200010868013008608F
:10885000FFE7029806B080BD80B586B0039003980C
:108860000290002001900398002867D0FFE702984B
:1088700040F24041C2F20001096888420BD0FFE794
:108880004FF0500080F31188BFF36F8FBFF34F8F0D
:108890000590FFE7FEE70298006D58B9FFE74FF03B
:1088A000500080F31188BFF36F8FBFF34F8F049098
:1088B000FFE7FEE70299086D013808650299C86A6A
:1088C000C96C884238D0FFE70298006D90BBFFE783
:1088D00002980430FDF7CCFE08B9FFE700E0FFE79F
:1088E0000299C86CC8620299C86AC0F11000886118
:1088F0000298C06A45F62421C2F200010968884244
:1089000008D9FFE70298C06A45F62421C2F20001A7
:108910000860FFE70299C86A00EB800240F2584005
:10892000C2F2000000EB82000431FDF74DFF012090
:10893000019000E0FFE700E0FFE700E0FFE70198BB
:1089400006B080BD80B584B00390039802900020EB
:1089500001900398002878D0FFE70298C06A40F29F
:108960004041C2F200010968C96A88425CD2FFE74F
:108970000298C07E000600280BD4FFE740F240407A
:10898000C2F200000068C06AC0F11000029988615C
:1089900000E0FFE702994869C96A01EB810240F2F1
:1089A0005841C2F2000101EB8201884230D1FFE759
:1089B00002980430FDF75CFE08B9FFE700E0FFE72E
:1089C00040F24040C2F200000068C06A0299C862EA
:1089D0000298C06A45F62421C2F200010968884263
:1089E00008D9FFE70298C06A45F62421C2F20001C7
:1089F0000860FFE70299C86A00EB800240F2584025
:108A0000C2F2000000EB82000431FDF7DDFE08E059
:108A100040F24040C2F200000068C06A0299C86299
:108A2000FFE7012001900FE00298C06C40F2404146
:108A3000C2F200010968C96A884203D2FFE7012037
:108A4000019000E0FFE7FFE700E0FFE7019804B0D6
:108A500080BD000080B584B002900298C068C068F4
:108A60000190019858B9FFE74FF0500080F311884A
:108A7000BFF36F8FBFF34F8F0390FFE7FEE70198BF
:108A80001830FDF7F5FD45F61C20C2F20000006825
:108A900020BBFFE701980430FDF7EAFD0198C06AAA
:108AA00045F62421C2F200010968884208D9FFE78F
:108AB0000198C06A45F62421C2F200010860FFE770
:108AC0000199C86A00EB800240F25840C2F20000EF
:108AD00000EB82000431FDF777FE09E0019800F118
:108AE000180145F69C20C2F20000FDF76DFEFFE77D
:108AF0000198C06A40F24041C2F200010968C96AA7
:108B0000884208D9FFE70120009045F63431C2F2CF
:108B10000001086002E000200090FFE7009804B028
:108B200080BD000080B584B000200290019045F621
:108B30001C20C2F20000006858B9FFE74FF0500057
:108B400080F31188BFF36F8FBFF34F8F0390FFE760
:108B5000FEE7FDF757FE45F61C20C2F20000016853
:108B6000013901600068002840F09980FFE745F670
:108B70001420C2F200000068002800F08F80FFE798
:108B8000FFE745F69C20C2F200000068002842D0B2
:108B9000FFE745F69C20C2F20000C068C068029062
:108BA00002981830FDF764FD02980430FDF760FD6F
:108BB0000298C06A45F62421C2F200010968884281
:108BC00008D9FFE70298C06A45F62421C2F20001E5
:108BD0000860FFE70299C86A00EB800240F2584043
:108BE000C2F2000000EB82000431FDF7EDFD0298B7
:108BF000C06A40F24041C2F200010968C96A884275
:108C000007D3FFE745F63431C2F2000101200860C6
:108C100000E0FFE7B5E7029818B1FFE7FCF762FD57
:108C2000FFE745F69820C2F2000000680090009827
:108C3000E0B1FFE7FFE7FFF72DFD38B1FFE745F6AD
:108C40003431C2F200010120086000E0FFE7009823
:108C500001380090FFE700980028ECD1FFE745F6C7
:108C60009821C2F200010020086000E0FFE745F60D
:108C70003430C2F20000006870B1FFE701200190BB
:108C80004EF60451CEF200014FF080500860BFF361
:108C90004F8FBFF36F8F00E0FFE7FFE700E0FFE7D4
:108CA000FDF7DCFD019804B080BD000080B58AB0FE
:108CB00000200890FBF7EEFF45F62C30C2F20000D2
:108CC000006858B3FFE7002004900790069007A8BB
:108CD00006A905AAFDF70CFD049B059A0698DDF888
:108CE0001CC06946C1F808C048600220086045F60B
:108CF0008500C0F6000049F66211C0F60001FFF7DA
:108D00003BFC014645F63030C2F2000001600068CD
:108D100018B1FFE701200890FFE700E0FFE708989F
:108D200058B9FFE74FF0500080F31188BFF36F8F01
:108D3000BFF34F8F0990FFE7FEE708980AB080BDA8
:108D400080B58AB0DDF830C008900791069205938F
:108D500000200490089858B9FFE74FF0500080F3C6
:108D60001188BFF36F8FBFF34F8F0990FFE7FEE7C6
:108D700045F62C30C2F200000068A8B3FFE7079860
:108D800000900698019008980290079805281EDC2C
:108D9000FFE7FFF759FC02280CD1FFE745F62C301E
:108DA000C2F2000000680C9A69460023FEF75AFFE1
:108DB00004900BE045F62C30C2F2000000686946D2
:108DC00000231A46FEF74EFF0490FFE70BE045F63E
:108DD0002C30C2F200000068059A69460023FFF7B4
:108DE00057F80490FFE700E0FFE704980AB080BD61
:108DF0000FB4084B10B504A902AA039800F0DEF8DE
:108E0000044602A9002000F070FC204610BC5DF86A
:108E100014FB0000EB96000802E008C8121F08C10E
:108E2000002AFAD170477047002001E001C1121FEB
:108E3000002AFBD1704700002DE9FF5F82B00021BE
:108E4000DDE90430020DDDF840B0034318D044F6EC
:108E50001050A2F2FF3242431514119801281FD07E
:108E6000A5EB0B00401C5FEA000A4FF000064E4FD6
:108E7000DFF83891B046504615D5CAF1000413E02A
:108E8000119801244AA3012801D16FEA0B0102982D
:108E9000119AC0E90031C0E9024206B0BDE8F09F76
:108EA000CBF10000DFE704460021404A491842EBBD
:108EB0000450CDE9001012E0E00707D032463B46EF
:108EC00040464946F7F7D9FC8046894632463B463C
:108ED00010461946F7F7D1FC06460F466410002CE1
:108EE000EAD1DDE90401DDE90023BAF1000F06DA79
:108EF000F7F7C3FC42464B46F7F7BFFC05E0F7F730
:108F00001EFB42464B46F7F71AFB04460E4600226C
:108F1000284BF7F73DFD03D84FF0FF30014607E03F
:108F20000022254B20463146F7F762FAF7F717FD86
:108F3000102409E0002C0ADB0A220023F7F734F999
:108F4000039B30321A55641E50EA0102F2D1641CB0
:108F5000039AC4F111031444119A012A03D0012287
:108F600008430DD10AE0084304D000204FF0110B54
:108F7000119072E7A3EB0B056D1E0DE05B4504DD60
:108F80004FF0000205F1010504E003DA4FF00002A2
:108F9000A5F10105002AECD002981199C0E902312F
:108FA000C0E9004579E70000000014400000F03FF0
:108FB000300000000000F0430000E03F2DE9FF4FCB
:108FC00095B09B468946064600250FE2252877D1B5
:108FD00000242746F84A0121059400E0044316F8CE
:108FE000013F203B01FA03F01042F7D130782A28E4
:108FF00011D06FF02F033078A0F13002092A16D873
:10900000059A44F0020402EB820203EB4202104490
:10901000761C0590EFE759F8042B0592002A03DA35
:10902000504244F40054059044F00204761C307819
:109030002E2816D116F8010F44F004042A280DD06A
:109040006FF02F023078A0F13003092B09D807EB1D
:10905000870302EB4303C718761CF3E759F8047B38
:10906000761C30786C280FD006DC4C2817D0682886
:109070000DD06A2814D104E0742810D07A280FD1BA
:109080000DE044F400140AE044F4801401E044F4D8
:1090900040147278824202D104F58014761C761C4A
:1090A000307866280BD013DC582877D009DC0028EC
:1090B00075D04528F6D04628F4D047281AD19DE12E
:1090C00018E0632835D0642879D0652812D195E15D
:1090D000702873D008DC6728F1D069286FD06E281B
:1090E0000DD06F2806D1B5E073282CD0752875D027
:1090F000782874D05A46179990476D1C75E1C4F3CF
:109100000250022809D003280DD0D9F800100428F5
:109110000DD00D6009F1040967E1D9F80010EA17D4
:10912000C1E90052F6E7D9F800100D80F2E70D70A2
:10913000F0E719F8041B8DF8001000208DF80100ED
:10914000EA46012003E059F804AB4FF0FF30610715
:109150004FF0000102D40DE008F101018846B94248
:109160000FDA8045F8DB1AF808100029F4D108E07E
:1091700008F1010188468142FADB1AF8081000293B
:10918000F6D105985B46A0EB080721463846179AAA
:1091900000F094FA284400EB080507E04DE029E1CF
:1091A0000DE01AF8010B5A4617999047B8F10108DB
:1091B000F7D25B4621463846179A13E142E00A226D
:1091C0000092C4F302524FF0000A022A08D059F864
:1091D00004CB032A4FEAEC710AD00DE029E02AE023
:1091E00009F1070121F00702F2E802C1914609E006
:1091F0000FFA8CFC4FEAEC71042A03D14FFA8CFC75
:109200004FEAEC71002907DA0A460021DCF1000C74
:1092100061EB02012D2202E0220504D52B228DF8FC
:109220000420012203E0E20701D02022F7E7904664
:1092300059E00A2102E010220DE010214FF0000A4F
:1092400000910BE010224FF0000A44F004040827BC
:10925000009203E008224FF0000A0092C4F3025289
:10926000022A05D059F804CB0021032A08D009E0CE
:1092700009F1070121F00702F2E802C1914605E079
:109280001FFA8CFC042A01D10CF0FF0C4FF00008EF
:10929000220728D5702806D0009B83F0100353EADC
:1092A0000A0305D00EE040228DF80420012208E0D8
:1092B0005CEA010206D030228DF804208DF805000A
:1092C00002229046009B83F0080353EA0A030AD166
:1092D0005CEA010201D1620705D530228DF8042035
:1092E0004FF001087F1E582804D034A003900EA828
:1092F00002900DE036A0F9E753466046009AF6F773
:1093000053FF84460398825C0298401E02900270CC
:109310005CEA0100F0D1029806A9081A00F1200ABF
:10932000600702D524F4803400E00127574502DDB0
:10933000A7EB0A0000E0002000EB0A01009005986E
:109340004144401A0590E00306D45B462146179A33
:10935000059800F0B3F90544002706E001A85A4635
:10936000C05D179990476D1C7F1C4745F6DBE003F5
:109370000CD55B462146179A059800F09FF90544E5
:1093800004E030205A46179990476D1C0099481EFA
:1093900000900029F5DC08E0029802995A4600780E
:1093A000491C0291179990476D1CBAF10001AAF16E
:1093B000010AF1DC65E10000092801003031323397
:1093C0003435363738396162636465660000000001
:1093D00030313233343536373839414243444546EB
:1093E0000000000000F058F90544761C3078002891
:1093F0007FF4ECAD19B02846BDE8F08F620700D4C9
:10940000062709F1070222F0070CFCE80223E146D7
:1094100003F000485FEA080C02D00FF2702C0DE058
:109420005FEA045C02D50FF2682C07E05FEAC47CB7
:1094300002D00FF2602C01E0AFF2700C4FF0FF3859
:1094400023F00043CDF850C065280CD006DC452839
:1094500009D046281DD047283DD13DE0662818D0C8
:1094600067287ED138E00021112F01DB112000E0B8
:10947000781CCDE9000106A90EA8FFF7DDFCDDE9A7
:109480000F010E9A03910021009207F1010A049145
:109490004DE04FF000400097CDE9011006A90EA85D
:1094A000FFF7CAFCDDE90F0203920E9B119900221F
:1094B000DDF80CA00093049211B9791C00EB010AAD
:1094C000B7EB0A0004D4C0F1FF3007F1010A0490A1
:1094D000AAEB0700019044E0012F00DA01270021E8
:1094E000112F01DD112000E03846CDE9000106A969
:1094F0000EA8FFF7A1FCDDE90F010E9A03910021F0
:1095000004910092BA4621070CD40399514500DA20
:109510008A46BAF1010F05DD009AAAF10101515CFA
:10952000302908D0B84202DA10F1040F06DA01211E
:10953000CDE9011015E0AAF10101E9E7002805DCF9
:10954000049901440491AAEB000102E0411C514539
:1095500000DD8A460499401A401C01904FF00040FB
:109560000290200704D40198504501DBCDF8048017
:1095700000208DF84F0002980DF14F07B0F1004F19
:1095800025D02B200E9002984FF0020800280CDA0C
:10959000404202902D200E9007E00A210298F7F732
:1095A00091F83031029007F8011DB8F10001A8F1DF
:1095B0000108F2DC02980028EFD1791E0E9808709D
:1095C000307800F0200040F0450007F8020D12A8A6
:1095D000C01B00F107081498007800B1012000EBCF
:1095E0000A01019801EBE07105984144401A401EC0
:1095F0000590E00306D45B462146179A059800F0D3
:109600005DF805441498007818B15A4617999047A8
:109610006D1CE00324D55B462146179A059800F09F
:109620004DF805441CE00498002807DBDDE9030140
:10963000884203DD0098405C179901E017993020BB
:109640005A469047049805F10105401C0490019882
:10965000401E019004D12E205A46179990476D1C48
:10966000BAF10001AAF1010ADDDC05E017F8010BEF
:109670005A46179990476D1CB8F10001A8F10108EE
:10968000F4DC5B462146179A0598ABE62D000000F6
:109690002B000000200000002DE9F04104460025C9
:1096A0001E461746880404D405E039462020B047FA
:1096B0006D1C641EF9D52846BDE8F0812DE9F04106
:1096C000044600251E469046C80301D5302700E019
:1096D0002027880404D505E041463846B0476D1C74
:1096E000641EF9D52846BDE8F0810A68531C0B605A
:1096F000107070470505040401010F050500010104
:109700000503000004040107030000000102010337
:10971000000002030207030101000103010301012C
:10972000020303030304040001030503040402030A
:1097300003070302020001040103020202030403FF
:1097400003030300010405030303020305010301EE
:1097500001040405030302020404050503030304D2
:1097600004050703040404040601030505030306B6
:1097700003030505020206050300000000100000B7
:109780009A99993F333353409A99193F3333113C97
:1097900000000642CDCCAC415D120008410F00082C
:1097A000F91600080916000831160008F517000818
:1097B000C4970008B8970008D5160008ED160008F1
:1097C000E1160008CF000000D115000884980008B9
:1097D0006C9800080D180008E89700089498000895
:1097E000A098000848980008FD240008F12200080D
:1097F000000C014004000000000C0140800000004B
:10980000001001400020000000080140200000007E
:1098100000080140020000000008014000080000AC
:1098200002040608020C08100000000001020304F4
:10983000000000000102030400000000000000001E
:109840000102030406070809193100080D32000857
:10985000C53100080D3100082D320008DD31000847
:10986000F5310008393200085532000880FF000049
:10987000A93200084534000815330008C932000831
:10988000AD33000809630008514300089543000800
:10989000E94300088D440008694400083544000885
:1098A0006948000845490008000C014040000000DC
:1098B000000C0140200000000008014010000000E2
:1098C00000080140080000000008014004000000FA
:1098D0006461656D6F6E5F7461736B00414443201A
:1098E000546872656164006B6579626F6172645F70
:1098F0007461736B00656E636F6465725F7461732E
:109900006B0068765F6D6F746F725F7461736B006C
:1099100063616E5F72785F7461736B0063616E5F29
:1099200074785F7461736B006B6579626F617264E8
:109930005F74785F656E67696E650025732A2573AD
:109940002A00312E302E300052552D3236006C65F3
:1099500064735F7461736B0049444C4500546D72CD
:109960005100546D72205376630000000000000027
:109970000000010203040607080900000F000000B0
:10998000A09900080000002048000000188E000880
:10999000E899000848000020F05E0000288E0008CA
:1099A0000D0E000004000000010000000E0E00007B
:1099B00004000000000000000F0E00000400000082
:1099C00001000000980000000E00000001000000EF
:1099D000F20A00000C0000000000000000127A00F3
:0899E000AAAAAAAA00000000D7
:04000005080001717D
:00000001FF
